chr12	12391945	12393591	INV	HG00514:HG00514;HG00733;NA19240	shared	chr12;12391750;12392066;AluSz;SINE;+;Alu	chr12;12393518;12393820;AluSx;SINE;-;Alu	OPP;Alu	GCTGGGTGCAGTGGCTCATGCCTGTAATCTCAGCACTTTGGGAGGCCAAGGTGGGCAGATCGCTTGAGCTCAGGAGTTCAAGACCAGCCTGGCCGACATGGTGAAACCCCGTCACTAAAAAAAAAAAAAAAAAAAACGCTAAAAATTTAGGCAGGCATGGGGGTTTGCTCCTGTAGTCCCAGCTACTCAGGAGGTTGAGGCATGAGAATCACTTGAACCCAGGAGGCAGAGGTTGCAGTGAGCCAAGATTGCACCACAGCACTCCAGCCTGGGCAATGGAGTGAGACTTCATTTCAAAAAAAAAAAAAAAAAAAAA	TTTTTGTTTTTTGTTTTTTCAGATAGGGTCTCACTCTGTCACTCAGGCTGGAATGCAGTGGCATGATCTTGGCTCACTGCAACCTCTGCCTCCTGGGTTCAAGTGATTCTCGTGCCTCAACCTCCTGAGTAGCTGGGACTACAGGAGCACACCACCATGCCTGCCTAAATTTTGTATTTTTAGTAGAGGCGGGGTTTCACCATGTTGGCCAGGCTGTTCTTGAACTCCTGACTTCAGGTAGATCTGCCCGCCTTGGCCTTCCAAAGTGCTGGGATTATAGGTGTGAGCCATCGCGCCCGGCC	81.703	46	GAGAATCACTTGAACCCAGGAGGCAGAGGTTGCAGTGAGCCAAGAT	HR	simple
chr12	71546080	71547743	INV	NA19240:NA19240	shared	chr12;71546059;71546318;AluSx;SINE;+;Alu	chr12;71547743;71547877;AluSx;SINE;-;Alu	OPP;Alu	CCTAGCACTTTGGGAGGCCAAGGCAGGCAGATCACCTGAGGTCAGGAGTTCAAGACCAGCCTGGCAAACATGGGGAAACCCTGTCTCTACTAAAAATACAAAAAAATTAGCTGGGTGTGGTGGCATGCACCTATAATACCAGCTACTCAGGAGGCTGAGGCAGGAGAATTGCTTGAACCCAGGAGGTGGAGGTTGCAGTGAGCCAAGATTGGACCACTGCACTCCAGCCTGGGAGACAGAGTGAGACTCAGTCTCAAAA	ATAGGTGCATGCCACCACACCCAGCTAATTTTTTTGTATTTTTAGTAGAGACAGGGTTTCCCCATGTTTGCCAGGCTGGTCTTGAACTCCTGACCTCAGGTGATCTGCCTGCCTTGGCCTCCCAAAGTGCTAGG	100	113	GGCAGGCAGATCACCTGAGGTCAGGAGTTCAAGACCAGCCTGGCAAACATGGGGAAACCCTGTCTCTACTAAAAATACAAAAAAATTAGCTGGGTGTGGTGGCATGCACCTAT	HR	simple
chr14	65375809	65376507	INV	HG00514:HG00514;HG00733;NA19240	illumina	chr14;65375808;65376120;AluSz;SINE;+;Alu	chr14;65376411;65376710;AluSx1;SINE;-;Alu	OPP;Alu	GGCTGGGTGCAGTGGCTCATGCCTGTAATCCCAGCACTTTGGGAGGCCAAGGCGGGCAGATCACTTGAGGCCAGGAGTTCAAGACCAGCCTGACCAACATGGTGAAACTCCGTCTCTACAAAAAACACAAAAACTAACTGGGCATGGTGGCGCATGCCTGTAATCCCAGCTACTCAGGAAGCTGAGGCCGGAGAATCGCTTGATCCAGGGAGGTGGAGGTTGCAGCAAGCCAAGATCATGCCACTGCACTCCAGCCTGGGTGTCAGAGTGAGACCCTGTCTCAAAAAAAAAAAAATAATAAAATAAATAAAA	TTTTTGTTTTTGTTTTTGAGACAGAGTCTCTTCCTGTCACACAGGCTGGAGTGCGGTGGTGTGACCTTGGTTCACTGCAACCTCCACCTCCTGGTTTCAAGTGATTCTCTTGCCTCAGCCTCCCAAGTAGCTGGGATTATAGGCGCCCACCACCATGCCTGGCTAGTTTTTGTATTTTTTAGTAGAGATGGGGTTTCACCATGTTGGTCAGGCTGGTCTTGAACTCCTGACCTCAAGTGATCCACCCGCCTTGGCCTCCCAAAGTGCTGGGATTACAGGCATGAGCCGCTGTGCCCTGC	84.539	NA	NA	-	complex
chr16	85155122	85156207	INV	HG00514:HG00514;HG00733;NA19240	shared	chr16;85155051;85155350;AluSq2;SINE;-;Alu	chr16;85155992;85156267;AluSx1;SINE;+;Alu	OPP;Alu	TTTATTTATTTATTTTGAGACAGAGTTTTGCTCTTGTCGCCCAGGCTGGAGTGCAATGGCGTGATCTCTGCTCACTGCAGCCTCTGGCTCCTGGGTTCAAGAGATTCTCCCGCCTCAGCCTCCCGAGTAGCTGGGACTACAGGTGCCCGCCACTACGCTGGGCTAGTTTTTGTATTTTTAGTAGAGACCGGGTTTCACCATGTTGGCCAGGCTGATCTCAAACTCCTGACCTCAGGTGATCTGCCCACCTCAGCCTCTCAGAGTGCTAGGATTACAGGCGTGAGCCACGGTGCCCAGCC	CTGGGCCTGGTGGCTCCCGCCTGTAATCCCAGCACTTTGGGAGGCCGAGGCAGGTGGATCACCTGAGGTCAGGAGTTCGAGACCAGCCTGGCCATCACGGTAAAACCTCATCTTTACTAAAAATACAAAAATTAGCTGGGTGTGGTGGCGGGTGCCTGTAGTCCCAGCTACTCAGGAGGCTGAGGCAGGAGAATCACTTGAACCCAGTGCGTGGCAGTCTGGGTGACAGAACAAGACTCCGTCTCAAAAACAAACAAACAAACACACAACAAAAA	73.826	NA	NA	-	complex
chr21	26648307	26649416	INV	HG00514:HG00514;HG00733;NA19240	shared	chr21;26648087;26648378;AluSx1;SINE;-;Alu	chr21;26649297;26649607;AluSx1;SINE;+;Alu	OPP;Alu	TTTTTTTTATTGAGATGGAGTTTAGCTCTGTTGCACAGACTGAAGTACGGTGGCGCGATCTCAGCTCACTGCGACCTTGCCTCCTGGATTCAAGTGATTCTCCTGCCTCAGGCTCCAGAGTAGCTGCCACTACAGGCACCTGCCACCACACCCAGCTAATTTTTGTATTTTTAGTAGAGATGGGGTTTCACCATATTGGCCAGGCTGGTCTCAAACTCCTGACCTCAAGTGATCCACCTGCCTCAGCCTCCCAAAGTGCTGGGATTACAGGTGTGAGCCACTGTGTCCGAC	GGCTGGGCGTGGTGGCTCACGCCTGTAATCCCAGCACTTTGGGAGGCTGAGGCGGGTGGATCACCTGAGGTCAGGAGTTCAAGACCAGCCTGGCCAACATGTTGAAACTCCATCTCTACTAAAAATACAAGAATTAGCTAGGCCTGGTGGCGGGCTCCTGTAATCCCAGCTACTCAGTAGGCTGAGGCAGGAGAATTGCTTGAACCCGGGTGGCAGAGGTTGCAGTGAGCCAAGATTGTGCCACTGCACTCCAGCCTGGGCAACAGAGTGAGATTCTGTCTTAAAACAAACAAACAAACAAAAAAACAAA	80.339	NA	NA	-	complex
chr3	44699490	44700778	INV	HG00514:HG00514;HG00733;NA19240	illumina	chr3;44699477;44699780;AluYm1;SINE;+;Alu	chr3;44700503;44700814;AluSx1;SINE;-;Alu	OPP;Alu	GGCTGGGCACGGTGGCTCAAACCTGTAATCCCAGCACTTTGGGAAGCCAAGGGGGGCAGATCACGAGGTCAGGAGATCGAGACCATCCTGGCTAACATGGTGAAACCCCGTCTCTACTAAAAAAATACAAAAAAATTAGCCAGGTGTGGTGGTGGATGCCTGCAGTCCCAGCTACTCTGGAGGCTGAGGCAGGAGAATGGCGTGAACCCGGGAGGCAGAGCTTGCAATGAGCTGAGACTGAGCCACTGCACTACAGCCTGGGCAACAGAGCGAGACTGCATCTCAACAACAACAACAAAAAAA	TTTTCTTCTCTTTTCTTTTCTTTTTTTTTTTTGACGGAGTCTCCCTCAGCCACCCAGGCTGGAGTGCAGTGGCATGATCTTGGCTCACCACAACCACCATCTCCTGGGTTCAAGTGATTCTCCCATCTCAGCCTCCCGAGTAGCTGGGATTACAGGCACCCGCCATCATGCCCGGCTAATTTTTGTATTTTAGTAGAGACAGGGTTTCACCTTGTTGGCCAGGCTGGTCTTGAACTCCTGACCTCAGGTGATCCATCCACCTTGGCCTCCCAAAGTGCTGGGATTACAGGCGTGAGCCACCGCACCCGGCC	77.778	23	CCTGTAATCCCAGCACTTTGGGA	HR	simple
chr7	47614142	47615376	INV	HG00514:HG00514	shared	chr7;47613972;47614271;AluSc;SINE;-;Alu	chr7;47615262;47615547;AluY;SINE;+;Alu	OPP;Alu	TTTTTTTTTTTTTTTTTGAGATGGAGTCTCACTGTGTCTGTCGCCAGGCTGGAGTACAGTGGCAAAATCTCGGCTCACTGCATCCTCTGCCTCCTGGGTTCAAGCAATTCTCCTGCCTCAGCCTCCCAAGTAGCTGGGATTACAGGTGCACACTACCACTCCCAGCTAATTTTTGTATTTTTAGTAGAGATGGGGTTTCACCATGTTGGCAGGATGGTCTTGATCTCTTGACCTCATGATCCACCTGCCTCGGCCTCCCAAAGTGCTGGGATTACAGGCATGAGCCACCGCACCTGGCC	GGCCAGGCACAGTGGCTCATGCCTGTAATCCCAGCACTTTGGGAGGCCGAGGTGGGTGGATCATGAGGTCAGGAGATCGAGACCATCCTGGCTAACATGGTGAAACCTCGTCTCTACTAAAAATACAAAAAATTGGCCGGGCCTGATGGCGGGCGGCTGTAGTCCCAGCTACTCGGGAGGCTGAGGTAGGAGAATGGCATGTACCCGGGAGGCAGAGCTTGCAGTGAGCTGAGATCGCGCCACTGCATTCTAGCCTGGGCAACAGAGTAAGACTCTGTCTAAAAA	83.391	NA	NA	-	complex
chr10	91443580	91446034	INV	HG00514:HG00514;HG00733;NA19240	pacbio	chr10;91441918;91443700;L1PA7;LINE;-;L1	chr10;91445578;91451529;L1PA7;LINE;+;L1	OPP;L1	GCTTTCCATTTGTGTGGGAAATATTCCTCCATCCCTTTATTTTAGCCTATGTGTGTCTTTGCACATGAGATGGGTCTCCTGAATACAGCACACCAATGGGTCTTGACTCTTTTTCCAATTTGCTAGTGTGTGTCTTTCAACTGGGGCATTTAGCCCATTTACATTTAAGGTTAATATTGTTATGTGTGAATTTGATCGTGTCATTATGATGCTAGCTGTTTATTTTGCCCATTGGTTGATGCAGTTTCTTCATAGTGTCAATGGTCTTTACAATTTGGTATGTTTTTGCAGTGGCTGGTACCAGTTTTCCTTTCCATATTTAGTGCTTCCTTCAGGAGCTCTTGTAAGGCAGGCCTGGTGGTGACAGAATCTCTCAGCATTTGCTTGTCTGTAAAGGATTTTATTTGTCCTTTGCTTAGGAAGCTTAGTTTGGCTGGATATGAAATTCTGGGCTGAAAATTCTTTTCTTTAAGAATGTTGAATATTGGCCCCCACTCTCTTCTGGCTTGTAGGGTTTCTGCAGAGAGATATGCTGTTAGTCTGATGGGCTTCCCTTTGGGGGTAACCTGACCTTTCTCTCTGGCTGCCCTTAACATTTTTTGCTTCATTTCAACCTTGGTGAACCTGACAATTATGTGTCTTGGGGTAGCTCTTCTCAAGGAGTATCTTTGTGGTGTTCTCTGTATTTCCTGAATTTGAATGTTGGCCTGTCTTGCTTAGGTTTGCGGAAGTTCTCCTGGATAATATCCTGAAGGGTGTTTTCCAACTTGGTTCCATTCCTCCCGTCACTTTCAGATACACCAAAAAAACGTAGGTTTGGTCTCTTCACATAGTCCCACATTTCTTGGAGGCTTTGTTCGTTCCTTTTCATTCCTTTTTCTCTAATCTTGTCTTCACACTTTATTTCATTATGTTGATCTTCAATCTCTGATATCCTTTCTTCTGCTTGATCAATTCAGCTATTGATACTTGTGTATGCTTCATGAAGTTCTCATGCTGTTTTTCAGGTCCATCAGGTCATTTATGTTCTTCTCTAAACTCGTTATTTTGGTTAGCAATTCCTCTAACCTTTTATCAAGGTTCACAGCTTCCTTGCCTTGGGTTAGAACGTGCTCCTTTAGCTCGGAAGAGTTTCTTATTACCCACCTTCTGAAGCCTACTTCTGTCAATTCGTCAAACTCATTCTCCATCCAGTTTAGTTCCCTTGCTAGTGAGGAGTTGTGATCCTTTGGAGGGGAAGAGGCGTTCTGGTTTTTGGAATTTTCAGCCTTTTTGCACTGGTTTTTCTTCATCTTCGTGGATTTATCTATGTTTGGTCTTTGAGGCTGGTGACCTTTGGATGGGGTTTTTGTGTGGACATCCTTTTTGTTGATGTTGATGCTATTCCTTTCTGTTTGTTAGTTTTCCTTCTAACAGTTAGAAGGAAAGGTCTGCTGGAGTTTGCTGGAGGTCCACTCCAGACCCTGTTTGCCTGGGTATGGCACAGCAGAGGCTGCAGAACAGCAAAGGTTGCTGCCTGTTCCTTCCTCTGGAAGCTTTGTCCCAGAGGGGCACCTGCCAGATGCCAGCTGGAGCTCCCCTGTATGTGGTGTTGGTCAACCCCTGCTGGGAGGTATCTCCCAGTCAGGACACATGGGTGTCAGGGACCCACTTGAGGAGGCAGTCTGTCCCTTAGCAGAGCTTGAGCGCTGTGCTGGGAGATCCTCCTGCTCTCTTCACAGCTGGCAGGCAGGAATGCTTAAGTCTGCTGAAGCTGCACAAACAGTCGCCCCTTCCCCCAGG	GAGGGAGTGGCTGGCAAGTCAGCCGAATAGGAACAGCTCCGGTCTGCAGCTCCCAGTGAGATCAACGCAGAAGGCAGGTGATTTCTGCATTTCCAACTGAGGTACCCAGCTCATCTCACTGGGACTGGTTAGACAGTGGGTGCAGACTGTGGGGGGCAAGCTGAAGCAAGGTGAGGCTTTGCCACATCCGGGAAGCACAAGGGATCAGAGAAATCCCTCCCCTAGCCAAGGGAAGTCGTGAGAGACTGTGCCCTGAGGAACGGTGCACTCCGGCCCAGATACTACACTTTTTCCATGGTCTTTACAACCTACAGACAAGGAGATTCTCTTGGGTGCCTATGCCACCAGGGCCCTGGGATTCAAGCACAAAACTGGGTGGCCATTTGAGCAGACACCGAACTTGCTGCAGGAATTTTTTTTTTTATAACCCAGTGGCGCCTAGAACACCAGTGACAGACTGCCTCCTCAAGTGGGTCCCTGACACCCATGTGTCCTGACTGGGAGATACCTCCCAGCAGGGGTTGACCAACACCACATACAGGAGAGCTCCAGCTGGCATCTGGCAGGTGCCCCTCTGGGACAAAGCTTCCAGAGGAAGGAACAGGCAGCAACCTTTGCTGTTCTGCAGCCTCTGCTGTGCCATACCCAGGCAAACAGGGTCTGGAGTGGACCTCCAGCAAACTCCAGCAGACCTTTCCTTCTAACTGTTAGAAGGAAAACTAACAAACAGAAAGGAATAGCATCAACATCAACAAAAAGGATGTCCACACAAAAACCCCATCCAAAGGTCACCAGCCTCAAAGACCAAACATAGATAAATCCACGAAGATGAAGAAAAACCAGTGCAAAAAGGCTGAAAATTCCAAAAACCAGAACGCCTCTTCCCCTCCAAAGGATCACAACTCCTCACTAGCAAGGGAACTAAACTGGATGGAGAATGAGTTTGACGAATTGACAGAAGTAGGCTTCAGAAGGTGGGTAATAAGAAACTCTTCCGAGCTAAAGGAGCACGTTCTAACCCAAGGCAAGGAAGCTGTGAACCTTGATAAAAGGTTAGAGGAATTGCTAACCAAAATAACGAGTTTAGAGAAGAACATAAATGACCTGATGGACCTGAAAAACAGCATGAGAACTTCATGAAGCATACACAAGTATCAATAGCTGAATTGATCAAGCAGAAGAAAGGATATCAGAGATTGAAGATCAACATAATGAAATAAAGTGTGAAGACAAGATTAGAGAAAAAGGAATGAAAAGGAACGAACAAAGCCTCCAAGAAATGTGGGACTATGTGAAGAGACCAAACCTACGTTTTTTTGGTGTATCTGAAAGTGACGGGAGGAATGGAACCAAGTTGGAAAACACCCTTCAGGATATTATCCAGGAGAACTTCCGCAAACCTAAGCAAGACAGGCCAACATTCAAATTCAGGAAATACAGAGAACACCACAAAGATACTCCTTGAGAAGAGCTACCCCAAGACACATAATTGTCAGGTTCACCAAGGTTGAAATGAAGCAAAAAATGTTAAGGGCAGCCAGAGAGAAAGGTCAGGTTACCCCCAAAGGGAAGCCCATCAGACTAACAGCATATCTCTCTGCAGAAACCCTACAAGCCAGAAGAGAGTGGGGGCCAATATTCAACATTCTTAAAGAAAAGAATTTTCAGCCCAGAATTTCATATCCAGCCAAACTAAGCTTCCTAAGCAAAGGACAAATAAAATCCTTTACAGACAAGCAAATGCTGAGAGATTCTGTCACCACCAGGCCTGCCTTACAAGAGCTCCTGAAGGAAGCACTAAATATGGAAAGGAAAACTGGTACCAGCCACTGCAAAAACATACCAAATTGTAAAGACCATTGACACTATGAAGAAACTGCATCAACCAATGGGCAAAATAAACAGCTAGCATCATAATGACACGATCAAATTCACACATAACAATATTAACCTTAAATGTAAATGGGCTAAATGCCCCAGTTGAAAGACACACACTAGCAAATTGGAAAAAGAGTCAAGACCCATTGGTGTGCTGTATTCAGGAGACCCATCTCATGTGCAAAGACACACATAGGCTAAAATAAAGGGATGGAGGAATATTTCCCACACAAATGGAAAGCAAAAAAAAAAAGAAAAAAAAAGAAAAAAAAAAGCAAGGGTTGCAATCCTAGTCTCTGATGAAACAGACTTTAAACCAACAAAGATCCAAAAAGACGAAGGGCATTACATAATGGTAAAGGGATCAATGCAACAAGAAGAATTAACTATCCTAAATACATATGCACCCAATACAGGAGTACCCAGAGTCATAAAGCAATTCTTAGAGACCTACAAAGAGACTTAGACTCCCACACAATGATAGTGGGAGACTTTAACATCACACTGTCAATATTAGATCAACAAGGCAGAAAATTAACAAGGATATTCAGGACCTGAACTCAACTCTGGACCAAGCAGACCTAATAGACATCTACAGAACTCTCCACCCCAAATCAAAAGAATATAAATTCTTCTCAGCACCACACTGCACTTATTCTAAAATTGACCACATAATTGGAAGTAAAACACTCCTCAGCAAATGCAAAAGAATGGAAATCATAATAAACAGTCTCTCAGACCACAGTGCAATCAAATTAGAACTCAGGATTCAGAAACTCGCACAACTACATGGAAACTGAACAACCTGCTCCTGAATGACTACTGGGTACCTAACGAAATTAAGGCAGAAATAAGTAAGTTATTTGAAACCAACGAGAACAAAGACACAACGTACCAGAATCTCTGGGACACAGCTAAAGCAGTGTTCAGAGGGAAATTTATAGCACCAAATGCCCACAGGAGAAAGTGGGAAAGATCTAAGATTGACACCCTAACATCATAATTAAAAGAACTAGGGAAGCAAGAGCAAACAAGTTCAAAAGCTAGCAGAAGACAAATAACTAAGTTTAGAGCAGAACTGAAGGAGATAGAGACATGAAAAACCCTTCAAAAATATCAATGAGTCCAGGAGCTGGTTTTTTGTAAAGGTTAACAAACTAGATAGACCACTAGCCAGACGAATAAAGAAGAAAAGAGAGAAGAATCAAATAGACACAATAAAAAACGATAAAGGGGATATCACCACTGATCCCACAGAAATACAAACTACCATCAGAGAATACTATGAACACCTCTATGCAAATAAACTAGAAAATCTAGAAGAAATGGATAAATTCCTGGACACATACACACTCCCAAGACTAAACCAGGAAGAAGTCGAATCTCTGAATAGACCAATAACAAGTTCTGAAATGGAGGCAGTAATTAATAGCCTACCAACCAAAAAAAGCCCAGGACCAGACAGATTGACAGGTGAATTCTACCAGAGATACAAAGAGGAGCTGTTACCATTCCACCTGAAACTATTCTAAACAACAGAAAAAGAGGAACTCCTCCCTAACTCACTTTATGAGGTCAGCATCATCCTGATACCAAAACCTGGCGGAGACACAACAAAAAAAGAAAATTTCAGGCCAATATCCCTGATGAACATGGATATGAAAATCCTCAGTAAAATACTGGCAAACCAAATGTAGCAGCGCATCAAAAAGCTCATCTACCACGTGAGAGAACTTACCCACCACGATCAAGTTGGCTTCATCCCTGGAATGCAAGGCTGGTTCAACATACACAAATCAATAAACGTAATCCATTTCAACAGAACCAATGACAAAAAACACTTAATTACCTCAATAGATGTATAAAAGGCCTCGATAAAATTCAACACTTTTTTATACTAAAATCTCTCAATAAATTAGGTATTGATGGAGTGTTTCTCAAAATAATAAGAACTATTTATGACAAACCCACAGTCAATATCATACTGAATGGGTAAAAGCTGGAAGCATTCCCTTTAAGAACTGACAGAAGACAAGGACGCCCTCTCTTACTACTCCTATAAACATATTATTGGAAATTTTGGCCAGGGCAATCAGGCAAGTGAGAGAAATAAAGGACATTTAAATAGGAAGAGAGGAAGTCAAATCATGTTTGTAGATGACATGATTGTATATTTAGAAAAGTCCATCCTCTCAGCCAGAAATCTCCTTAAGCTGATAAGCAACTTCAGCAAAGTCTCAGGATACAAAATCAATGTGCAAAAATCACAAGCATTCCTATACACAAATAATAGCCAAATCATGAGTGACCCCCATTCACAATTGCTGCAAAGATAATAAAATACCTAGCAATACAACTTACAAAGTATGTGAAGGACCTCTTCAAGGAGAACTACAAATCACTCCTCAAGGAAATAAGAGAGAACACAAACAAATGGAAAAACATTCTGTGCTCATGGATAGGAAGAATCAATATCATGAAAATGGGCCATACTGCCCAAAGTAATTTATAGATTCAATGCTATCCCCATCAAGCTACCACTGACTTTCTTCACAGAATTAGAAAAAACTACTTTACATTTCATATAGAACCAAAAAAGAGCCCATATAGTCAAGACAATCCTAAGCAAAAAGAACAAAGCTGGAGGCATCATTGCTACCTCACTTCAAACTACAAGGCTACAGTAACCAGAATAGCACAGTACTGGTACCAAAACAGATATATAAACCAATGGAACAGCATAGAGACCTCAGAAATAATGCCACACATCTACAGTAATCTGATCTTTGACAAACCTGATAAAAACAAGCAATGGGGAAAGGATTCCCTATTTAATAAATGGTGCTGGGGAAACTGGCTAGTCATATGCAGAAAACTGAAACTGGACCCCTTCCTTACACCTCATACAAAAATTAACTCAAGATGGATTAAAAACTTAAATGTAAAACCTAATACTGTGAAAACTCTAGAAGAAAACCTAGGCAGTACCATTCAGGACATAGGCGTGGGCAAAGACTTCACGGCTAAAACACCAAAAACAATGGCAACAAAAGCCAGAATTGACACATGGCATCTTATTAAACTAAAGAGCTTCTAAACAGTAAAAGAAACTATCATCAGAGTGAAGAGGCAGCCTACAGAATGAGAGAAAATGTTTGCAATCTATCCATCTGACAAAGGGCTAATATCCAGAATCTACAAGGAAGTTAAACAGATTTACAAGAAAAAAAAAAACCATCAAAAAGTGGGCAAAGGATATGAACAGACACTTCCCAAAAGAAGACATTTATGCAGCCAACAAACATGAAAAAAGGCTCATCATCACTGGTCATTAGAAAAATGCAAATCAAACCACAATGAGATACCATCTCATGCCAGTTAGAATGGTGATCAGTAAAAAGTCAGGAAATAGATGCTGGAGAGGATGTGGAGAAATAGGAATGCTTTTACACTGTTGGTGGGAGTGTAAATTCAACCATTGTGGAAGATGGTGTGGTGATTCCTCAAGAATCTAGAACCAGAAATACCATTTAACCTAGCAATCCCGTTACTGGGTTTTATCCTTTTACCACCCAAAGGATGATAAATCATTCTGCTATAAAGACACATGCACACATATGTTTATGACAGCACTGTTCACAACAGCAAAGACTGGGAACCAACCCAAATGCCCGTCAATGATAGACTGGATAAAGAAAGTATGGCACATATGCACCATGTAATACTATGCAGCCATAAAGAAGGATGAGTTCATGTCCTTTGCAGGGACATGGACGAAGCTGGAAAGCATTATTCTCAGCAAACTATCACAGGAACAGAAAACCGAACACCACATGTTCTCACTCATAAGTGGGAGTTGAACAATGAGAACACAGGTACCTGGGGAGGGGAACATCACACACTGGGGCCTTTCGGTGGATTGGGACCAGGGGAGGGATAGCATTAGGAGAAATACTTAATGTAGATGACAGGTTGATGGGTGCCGGAAACCACCATGGCATATGTATACCTATGTAACAAACCTGCACGTTCTGCACATGTATTCCAGAACTTAAAGTATAATAATAAAAAAA	91.737	2	CT	HR	simple
chr11	49715082	49728204	INV	HG00733:HG00514;HG00733;NA19240	pacbio	chr11;49714997;49715183;L1PA2;LINE;-;L1	chr11;49725283;49731317;L1PA2;LINE;+;L1	OPP;L1	CCTCGCCCTGCTTCGGCTTGTGCACGGTGTGCACACCCAATGACCTGCGCCCACTGTCTGGCACTCCCTAGTGAGATGAACCGGGTACCTCAGATGGAAATGCAGAAATCACCCATCTTCTGCGTCTCTCACGCTGGGAGCTGTAGACCGGAGCTGTTCCTATTCGGCCATCTTGGCTCCTCCCTC	GGGGAGGAGGGAAGATGGCTGAATAGGAACAGCTCCAGTCTACAGCTCCCAGCGTGAGAGATGCAGAAGATGGGTGATTTCTGCATTTCCATCTGAGGTACCGGGTTCATCTCACTAGGGAGTGCCAGACAGTGGGCGCAGGTCAGTGGGTGCGCGCACCATGCGCGAGCTGAAGCAGGGCGAGGCATTGCCTCACTTGGGAAGCGCAAGGGGTCAGGGAGTTCCCTTTCCAAGTCAAAGAAAGGGGTGACGGACGCACCCGGAAAATCGGGTCACTCCCACCCGAATACTGCGCTTTTCGGACCGGCTTAAAAAATGGCGCACCACGAGATTATATCCTGCACCTGGCTCAGAGGGTCCTACGCCCACAGAGTCTCGCTGATTGCTAGCACAGCAGTCTGAGATCAAACTGCAAGGCGGCAGCGAGGCTGGGGGAGGGGCGCCCACCATTGCCCAGGATTGCTTAGGTAAACAAAGCAGCCGGGAAGCTCAAACTGGGTGGAACCCACCACAGCTCAAGGAGGCCTGCCTGCCTCTGTAGGCTCCACCTCTGGGGGCAGGGCACAGACAAACAAAAAGACAGCAGTAGTAATCTCTGCAGACTTAAATGTCCCTGTCTGACAGCTTTGAAGACAGCAGTGGTTCTCCCAGCACGCAGCTGGAGATCTGAGAACGGGCAGACTGCCTCCTCAAGTGGGTCCCTGACCCCTGACCCCCGAGCAGCCTAACTGGGAGGCACTCCCCAGCAGGGGCACACTGACACCTCACATGGCAGGGTATTCCAACAGATCTGCAGCTGAGGGTCCTGTCTGTTAGAAGGAAAACTAACAAACAGAAAGGACATCTACACCAAAAACCCATCTGTACATAATCATCATCAAAGACCAAAAGTAGATAAAACCACAAAGATGGGGAGAAAACAGAACAGAAAAACTGGAAACTCTAAAACGCAGAGCACCTCTCCTCCTCCAAAGGAACGCAGTTCCTCACCAGCAATGGAACAAAGCTGGACAGAGAATGACTTTGAGGAGCTGAGAGAAGAAGGCTTCAGATGATCAAATTACTCTGAGCTATGGGAGAACATTCAAACCAAAGGCAAAGAAGTTGAAAACTTTGAAAAAAATTTAGAAGAATGTATAACTAGAATAACCAATACAGAGAAGTGCTTAAAGGAGCTGATGCAGCTGAAAACCAAGGCTCGAGAACTACGTGAAGAATGCAAAAGCCTCAGGAACTGATGCGATCAACTGGAAGAAAGGGTGTCAGCAATGGAAGATGAAATGAATGAAATGAAGCAAGAAGGGAAGTTTAGAGAAAAAAGAATAAAAAGAAATGATCAAAGCCTCCAAGAAATATAAGACTATGTGAAAAGACCAAATCTATGTCTGATTGGTGTACCTGAAAGTGACGGGGAGAATGGAACCAAGTTGGAAAACACTCTGCAGGATATTATCCAGGAGAACTTCCCCAATCTAGCAAGGCAGGCCGACGTTCAGATTCAGGAAATACAGAGAATGCCACAAAGATACTCCTCGAGAAGAGCAACTCCAAGACACATAATTGTCAGATTCACCAAAGTTGAAATGAAGGAAAAAATGTTAAGGGCAGCCAGAGAGAAAGGTCGGGTTACCCTCAAAGGGAAGCCCATCAGACTAACAGCGGATCTCTCAGCAGAAACCCTACAAGCCAGAAGAGAGTGGGGGCCAATATTTAACATTCTTAAAGAAAAGAATTTTCAACCCAGAATTTCATATCCAGCCAAACTAAGCTTCATAAGTGAAGGAGAAATAAAATACTTTACAGACAAGCAAATGCTGAGAGATTTTGTCACCACCAGGCCTGCCCTAAAAGAGCTCCTGAAGGAAGCGCTAAACATGGAAAGGAACAACCGGTACCAGCCGCTGCAACATCATGCCAAAATGTAAAGACCATTGAGACTAGGAAGAAACTGCATCAACTAACGAGCAAAATCACCAGCTAACATCATAATGACAGGATCAAATTCACACATAACAATATTAACTTTAAATGTAAATGGACTAAATGCTCCAATTAAAAGACACACACTGGCAAATTGGATAAAGAGTCAAGACCCATCAGTGTGCTGTATTCAGGAAACCCATCTCATGTGCAGAGACACACATAGGCTCAAAATAAAAGGATGGAGGAAGATCTACCAAGCAAATGGAAAACAAAAAAAGGCAGGGGTTGCAATCCTAGTCTCTGATAAAACAGACTTTAAACCAACACAGATCAAAAGAGACAAAGAAGGCCATTACATAATGGTAAAGGGATCAATTCAACAAGAAGAGCTAACTATCCTAAATGTATATGCACCCAATACGGGAGCACCCAGATTCATAAAGCAAGTCCTGAGTGACGTACAAAGAGACTTAGACTCCCACACATTAATAGTGGGAGACTTTAACACCCCACTGTCAACATTAGACAGATCAACGAGACAGAAAGTCAACAAGGATACCCAGGAATTGAACTCAGCTCTGCATCAAGCGGACCTAATAGACATCTACAGAACTCTCCACCCCAAATCAACAGAATATACATTTTTTTCAGCACCACACCACACCTATTCCAAAATTGACCACATACTGGGAAGTAAAGCTCTCCTCAGCAAATGTAAAAGAACAGAAATTATAACAAACTATCTCTCAGACCACAGTGCAATCAAACTAGAACTCAGGATTAAGAATCTCACTCAAAACCGCTCAACTACATGGAAACTGAACAACCTGCTCCTGAATGACTACTGGCTACATAACGAAATGAAGGCAGAAATAAAGATGTTCTTTGAAACCAACGAGAACAAAGACACAACATACCAGAATCTCTGGGACGCATTCAAAGCAGTGTGTAGAGGGAAATTTATAGCACTAAATGCCCACAAGAGACAGCAGGAAAGATCTAAAATTGACTCCCTAACATCACAATTAAAAGAACTAGAAAAGCAAGAGCAAACACATTCAAAAGCTAGCAGAAGGCAAGAAATAACTAAAATCAGAGCAGAACTGAAGGAAATAGAGACACAAAAAACCCTTCAAAAAAGTAATGAATCCAGGAGCTGGTTTTTTGAAAGGATCAACAAAATTGATAGACCGCTAGCAAGACTAATAAAGAAAAAAAGAGAGAAGAATCAAATAGACGCAATAAAAAACGATAAAGGGGATATCACCACCGATCCCACAGAAATACAAACTACCATCAGACAGTACTACAAACACCTCTACGCAAATAAACTAGAAAATCTAGAAGAAATGGATAAATTCCTCGACACATAAACCCTCCCAAGACTAAACCAGGAAGAAGTTGAATCTCTGAATAGACCTGAATTTCAGGATCTGAAATTGTGGCAATAATCAATAGTTTACCAACCAAAAAGAGTCCAGGACCAGATGGATTCACAGCCGAATTCTACCAGAGGTACAAGGAGGAACTGGTACCATTCCTTCTGAAACTATTCCAATCAATAGAAAAAGAAGGAATCCTCCCTAACTCATTTTATGAGGCCAGCATCATTCTGATACCAAAGCCGGGCAGAGACACAACCAGAAAAGAGAATTTTAGACCAATATCCTTGATGAACATTGATGCAAAAATCCTCAATAAAATACTGGCAAAACAAATCCAGCAGCACATCAAAAAGCTTATCCACCATGATCAAGTGGGCTTCATCCCTGGGATGCAAGGCTGGTTCAATGTATGTGAATCAATAAATGTAATCCAGCATATAAACAGAGCCAAAGACAAAAACCACATGATAATCTCAATAGATGCAGAAAAAGCCTTTGACAAAATTCAACAACCCTTCATGCTAAAAACTCTCAATAGATTAGGTATTGATGGGACGTATTTCAAAATAATAAGAGCTATCTATGACAAACCCACAGCCAATATCATAGTGAATGGGCAAAAACTGGAAGCATTCCCTTTGAAAACTGGCACAAGACAGGGATGCCCTCTCTCACCACTCCTATTCAACATAGTGTTGGAAGTTCTGGCCAGGGCAATTAGGCAGGAGAAGGAAATAAAAGGTATTCAATTAGGAAAAGAGGAAATCAAATTGTCCCTGTTTGCAGACGACATGATTGTGTATCTAGAAAACCCCATTGTCTCAGCCCAAAATCTCCTTAAGCTGATAGGCAACTTTATCAAAGTCTCAGGATACAAAATCAATGTACCAAAATCACAAGCATTCTTATACACCAACAACAGACAAACAGAGAGCCAAATCATGAGTGAGCTCCCATTCACAATTGCTTCAAAGAGAATAAAATACCTAGGAATCCAACTTACAAGGGATGTGAAGGACCTCTTCAAGGAGAACTACAAACCACTGCTCAAGGAAATAAAAGAGGATACAAACAAATGGAAGAGCATTCCACGCTCATGGGTAGGAAGAATCAATATCGTGAAAATGGCCATACTGCCCAAGGTAATTTACAGATTCAATGCCATCCCCATCAAGCTACCACTGCCTTTCTTCACAGAATTGGAAAAAACTACTTTAAAGTTCATATGGAACCCAAAAAGAGCCCACATCACCAAGTCAATCCTAAGCCAAAAGAACAAAGCTGGAGGCATCACACTACCTGACTTCAAAGTATACTACAAGGCTACAGTAACCAAAACAGCATGGTATTGATACCAAAACAGAGATATAGATCAATGGAACAGAATAGAGCCCTCAGAAATAATGCCACATATCTACAACTATCTGATCTTTGACAAAACTGAGAAAAACGAGCAATGGGGAAAGGATTCCCTATTTAATAAATGGTGCTGGGAAAAGTGGCTAGCCATATGTAGAAAGCTGAAACTGGATCCCTTCCTTACACCTTATACAAAAATCAATTCAAGATGGATTAAAGACTTAAACGTTCAACCTAAAACCATAATAACCCTAGAAGAAAACCTAGGCATTACCATTCAGGACATAGGCATGGGCAAGGACTTCATGTCTAAAACACCAAAAGCAATGGCAACCAAAGCCAAAATTGACAAATGGGATCTAATTAAACTAAAGAGCTTCTGCACAGCAAAAGAAACTACTATCAGAGTGAACAGGCAACCTACAACATGGGAGAAAATTTTCGCAACCTACTCATCTGACAAAGGGCTAATATCCAGAATCTACAATGAACTCAAACAAATTTACAAGAAGAAAACAAACAACCCTGTCAAAAAGTGGGCGAAGGACATGAACAGACACTTCTCAAAAGAAGACATTTATGCAGCCAAAAAACACATGAAAAAATGCTCATCATCACTGGCCATCAGACAAATGCAAATCCAAACCACAATGAGATACCATCTCACACCAGTTAGAATGGCAATCATTAGAAAGTCAGGAAACAACAGGTGCTGGAGAGGATGTGGAGAAATAGGAACACTTTTACACTGTTGGTGGGACTGTAAACTAGTTCAACCATTGTGGAAGTCAGTGTGGCGATTCCTCAGGGATCTAGAACTAGAAATACCATTTGACCCAGCCATCCCATTACTGGGTATATACCCAAAGGACTATAAATCATGCTGCTATAAAGACACATGCACATGTATGTTTATTGCGGCATTGTTCACAATAGCAAAGACTTGGAACCAACCCGAATGTCCAACAATGATAGACTGGATTAAGAAAATGTGGCCCATATACACCATGGCATACTATGCAGCCCCAAAAAATGATGAGTTCATGTCCTTTGTAGGGACATGGATGAAATTGGAAATCATCATTCTCAGTAAACTATCGCAAGAACAAAAAATCAAACACCGCATATTCTCACTCATAGGTGGGAACTGATCAATGAGATCACATGGACACAGGAAGGGGAATATCACACTCTGGAGACTGTGGTGGGGTGGGGCGAGGGGGGAGGGATAGCATTGGGAGATATACCTAATGCTAGATGACGAGTTAGTGGGTGCAGCGCACCAGCATGGCACATGTATACGTATGTAACGAACCGGCACAATGTGCACATGTACCCTAAAACTTAAAGTATAATAAAAAAAAAAA	92.935	10	AGGAAAGATC	HR	simple
chr12	86847818	86857785	INV	HG00514:HG00514;HG00733;NA19240	pacbio	chr12;86844303;86847823;L1PA3;LINE;+;L1	chr12;86857779;86860052;L1PA3;LINE;-;L1	OPP;L1	CCAAGTGGACCTAATAGACATCTACAGAACTCTCCACCCCAAATCAACAGAATATACATTTTTTTCAGCACCACACCACACCTATTCCAAAATTGACCACATACTTGGAAGTAAAGCTCTCCTCAGCAAATGTAAAAGAACAGAAATTATAACAAACTATCTGTCAGACCACAGTGCAATCAAACTAGAACTCAGGATTAAGAAACTCACTCAAAACTGCTCAACTACATGGAAACTGAACAACCTGCTCCTGAATGACTACTGGGTACATAACGAAATGAAGGCAGAAATAAAGATGTTCTTTGAAACCAATGAGAACAAAGACAAACATACCAGAATCTCTGGGACACATTCAAAGCAGTGTGTAGAGGGAAATTTATAGCACTAAATGCCCACAAGAGAAAGCAGGAAAGATCCAAAATTGACACCCTAACATCACAATTAAAAGAACTAGAAAAGCAAGAGCAAACACATTCAAAAGGTAGCAGAAGGCAAGAAATAACTAAAATCAGAGCAGAACTGAAGGAAATAGAGACACAAAAACCCTTCAAAAAATTAATGAATCCAGGAGCTGGTTTTTTGAAAGGATCAACAAAATTGATAGACCGCTAGCAAGACTAATAAAGAAAAAAAGAGAGAAGAATCAAATAGACTCAATAAAAAATGATAAAGGGGATATCACCACCAATCCCACAGAATTACAAACTACCATCAGAGAATACTACAAACACCTCTACGAAAATAAACTAGAAAATCTAGAAGAAATGGATAAATTCCTCGACACATACACTCTCCGAAGACTAAACCAGGAAGAAGTTGAATCTCTGAATAGACCAATAACAGGATCTGAAATTGTGGCAATAATCAATAGCTTACCAACCAAAAAGAGTCCAGGACCAGATGGATTCACAGCCAAATTCTACCAGAGGTACAAGGAGGAGCTGGTACCATTCCTTCTGAAACTATTCCAATCAATAGAAAAAGAGGGAATCCTCCCTAACTCATTTTATGAGGCCAGCATCATCCTGATACCAAAGCTGGGCAGAGACACAACCAAAAAAGAGAATTTTAGACCAATATCCTTGATGAACATTGATGCAAAAATCATCAATAAAATACTGGCAAACCGAATCCAGCAGCACATCAAAAAGCTTATCCACCATGATCAAGTGGGCTTCATCCCTGGGATGCAAGGCTGGTTCAATATATGAAAATCAATAAATGTAATCCAGCATATAAACAGAACCAAAGACAAAAACCACATGATTATCTCAATAGATGCAGAAAAGGCCTTTGACAAAATTCAACAACCCTTCATGCTAAAAACTCTCAATAAATTAGGTATTGATGGGACGTATCTCAAAATAATAAGAGCTATCTATGACAAACCCACAGCCAATATCATACTGAATGGGCAAAAACTGGAAGCATTCCCTTTGAAAACTGGCACAAGACAGGGATGCCCTCTCTCACCACTCCTATTCAACATAGTGTTGGAAGTTCTGGCCAGGGCAATTAGGCAGGAGAAGGAAATAAAGGGTATTCAATTAGGAAAAGAGGAAATCAAATTGTCCCTGTTTGCAGATGACATGATTGTATATCTAGAAAACCCCATTGTCTCAGCCCAAAATCTCCTTAAGCTGATAAGCAACTTCAGTAAAGTCTCAGGATACAAAATCAATGTACAAAAATCACAAGCATTCTTATACACCAATAAGAGACAAACAGAGAGCCAAATCATGAGTGAACTCCCATTCACAATTGCTTCAAAGAGAATAAAATACCTAGGAATCCACCTTAGAAGGGATGTGAAGGAACTCTTCAAGGAGAACTACAAACCACTGCTCAAGGAAATAAAAGAGGATACAAACAAATGGAAGAACATTCCATGCTCATGGGTAGGAAGAATCAATATCGTGAAAATGGCCATAGTGCCCAAGGTAATTTATAGATTCAATGCCAGCCCCATCAAGCTACCAATGACTTTCTTCACAGAATTGGAAAAAACTACTTTAAAGTTCATATGGAACCAAAAAAGAGCCTGCATCGCCAAGTCAATCCTAAGCCAAAAGAACAAAGCCAGAGGCATCACGCTACCTGATTTCAAACTATACTACAAGGCTACAGTAACCAAAACAACATGGTACTGGTACCGAAACAGAGATTAGATCAATGGAACAGAATAGAGCCCTCAGAAATAACGCCACATATCTACAGCTATCTGATCTTTGACAAACCTGAGAAAAACAAGCAATGGGGAAAGGATTCCCTATTTAATAAATGGTGCTGGGAAAACTGGCTAGCCATATGTAGAAAGCTGAAACTGGATCCCTTCCTTACACCTTATACAAAAATCAATTCAAGATGGATTAAAGACTTAAACGTTAGACCTAAAACCATAAAAACCCTAGAAGAAAACCTAGGCATTACCATTGAGGACATAGGCATGGGCAAGGACTTCATGTCTAAAACACCAAAAGCAATGGCAACAAAAGCCAAAATTGACAAATGGGATCTAATTAAACGAAAGAGCTTCTGCACAGCAAAAGAAACTACCATCAGAGTGAACAGGCAACATACAAAATGGGAGAAAATTTTTGCAACCTACTCATCTGACAAAGGGCTAATATCCAGAATCTACAATGAACTCAAACAAATTTACAAGAAAAAAACAAACAACCCCATCAAAAAGTGGGCAAAGGGTATGAACAGACACTTCTCAAAAGAAGACATTTATGCAGCCAAAAAACACATGAAAAAATGCTGATCATCACTGGCCATCAGAGAAATGCAAATGAAAACCATAATGAGATACCATCTCACACCAGGTAGAATGGCGATCATTAAAAAGTCAGGAAACAACAGGTGCTGGAGAGGATGTGGAGAAATAGGAACACTTTTCCACTGTTGGTGGGACTGTAAACTAGTTCAACCATTGTGGAAGTCAGTGTGGCGATTCCTCAGGGATCTAGAACTAGAAATACCATTTGACCCAGCCATCCCATTACTGGGTATATACCCAAAGGACTATAAATCATGCTGCTATAAAGACACATGCACATGTATGTTTATTGCGGCACTATTCACAATAGCAAAGACTTGGAACCAACCCAAATGTCCAACAATGATAGACTGGATTAAGAAAATATGGCACATATACACCATGGAATACTAAGCAGCCATAAAAAATGATGAGTTCATGTCCTTTGTAGGGACATGGATGAAATTGGAAATCATCATTCTCAGTAAAGTATCTCAAGGACAAAAAACCAAACACCGCATGTTCTCACTCTTAGATGGGAATTGAATAATGAGAACACATGGACACAGGAAGGGGAACATCACACTCCGGGGACTGTTGTGGGGTGGGGGTAGAGGGGAGGGATAGCATTAGGAGATATACCTAATGCTAAATGACGAGTTAATGGGTGCAGCACACCAGGATGGCACATGTATACATATGTAACTAACCTGCACATTGTGCACAGGTACCCTAAAACTTAAAGTATAATAACAATAA	TTTTTAATTATTATTATACTTTAAGTTTTACGGTACATGTGCACAATGTGCAGGTTAGTTACATATGTATACATGTGACATGCTGGTGCGCTGCACCCACTAACTCGTCATCTAGTATTAGGTATATCTCCCAATGCTATCCCTCTCCCCTCCCCCCACCCCACAACAGTCCCCAGAGTGTGATGTCCCCCTTCATGTGTCCATGTGTTCTAATTATTCAATTCCCACCTATGAGTGAGAATATGCGGTGTTTGGTTTTTTGTTCTTGTGATAGTTTACTGAGAATGATGATTTCCAATTTCATCCTTGTCCCTACAAAGGACATGAACTCATCATTTTTTATGGCTGCATAGTATTCCATGGTGTATATGTGCCACATTTTCTTAATCCAGTCTATCATTGTTGGACATTTGGGTTGGTTCCAAGTCTTTGCTATTGTGAATAATGCCACAATAAACATACATGTGCATGTGTCTTTATAGCAGCATGATTTATAGTCCTTTGGGCATATACCCAATAATGGGATGGCTGGGTCAAACGGTATTTCTAGTTCTAGATCCCTGAGGAGTGGCCACACTGACTTCCACAATGGTTGAACTAGTTTACAACCCCCCAACAGTGTAAAAGTGTTCCTATTTCTCCACATCCTCTCCAGCACCTGTTGTTTCCTGACTTTTTAATGATTGCCATTCTACCTGGTGTGAGACGATATCTCATTGTGGTTTTGATTTGCATTTCTCTGATGGCCAGTGATGGTGAGCATTTTTTCATGTGTTTTTTGGCTGCATAAATGTCTTCTTTTGCGAAGTGTCTGTTCATGTCCTTCACCCACGTTTTCATGTGGTTGTTTTTTTTTTTTCTTGTAAATTTGTTTGAGTTCATTGTAGATTCTGGATATTAGCCCTTTGTCAGATGAGTAGGTTGCAAAAATTTTCTCCCATTTTGTAGGTTGCCTGTTCACTCTGATGGTAGTTTCTTTTGCTGTGCAGAAGCTCTTTCGTTTAATTAGATCCCATTTGTCAATTTTGGCTTTTGTTGCCATTGCTTTTGGTGTTTTAGACATGAAGTCCTTGCCCATGCCTATGTCCTCAATGGTAATGCCTAGGTTTTCTTCTAGGGTTTTTATGGTTTTAGGTCTAACGTTTAAGTCTTTAATCCATCTTGAATTGATTTTTGTATAAGGTGTAAGGAAGGGATCCAGTTTCAGCTTTCTACATATGGCTAGCCAGTTTTCCCAGCACCATTGATTAAATAGGGAATCCTTTCCCCATTGCTTGTTTTTCTTAGGTTTGTCAAAGATCAGATAGTTGTAGATATGTGGCGTTATTTCTGAGGGCTCTGTTCTGTTCCATTGATCTATATCTCTGTTTTGGTACCAGTACCATGCTGTTTTGGTTACTGTAGCCTTGTAGTATAGTTTGAAATCAGGTAGCGTGATGCCTCTGGCTTTGTTCTTTTGGCTTAGGATTGACTTGGCGATGCAGGCTCTTTTTTGGTTCCATATGAACTTTAAAGTAGTTTTTTCCAATTCTGTGAAGAAAGTCATTGGTAGCTTGATGGGGCTGGCATTGAATCTATAAATTACCTTGGGCACTATGGCCATTTTCACGATATTGATTCTTCCTACCCATGAGCATGGAATGTTCTTCCATTTGTTTGTATCCTCTTTTATTTCCTTGAGCAGTGGTTTGTAGTTCTCCTTGAAGAGTTCCTTCACATCCCTTCTAAGGTGGATTCCTAGGTATTTTATTCTCTTTGAAGCAATTGTGAATGGGAGTTCACTCATGATTTGGCTCTCTGTTTGTCTCTTATTGGTGTATAAGAATGCTTGTGATTTTTGTACATTGATTTTGTATCCTGAGACTTTACTGAAGTTGCTTATCAGCTTAAGGAGATTTTGGGCTGAGACAATGGGGTTTTCTAGATATACAATCATGTCATCTGCAAACAGGGACAATTTGATTTCCTCTTTTCCTAATTGAATACCCTTTATTTCCTTCTCCTGCCTAATTGCCCTGGCCAGAACTTCCAACACTATGTTGAATAGGAGTGGTGAGAGAGGGCATCCCTGTCTTGTGCCAGTTTTCAAAGGGAATGCTTCCAGTTTTTGCCCATTCAGTATGATATTGGCTGTGGGTTTGTCATAGATAGCTCTTATTATTTTGAGATACGTCCCATCAATACCTAATTTATTGAGAGTTTTTAGCATGAAGGGTTATTGAATTTTGTCAAAGGCCTTTTCTGCATCTATTGAGATAATCATGTGGTTTTTG	97.2	3	ATT	HR	simple
chr21	40028817	40033189	INV	NA19240:HG00514;HG00733;NA19240	pacbio	chr21;40022874;40028842;L1PA2;LINE;-;L1	chr21;40033161;40039180;L1PA2;LINE;+;L1	OPP;L1	TTTTTTTCTTTTATTATTTTAAGTTTTAGGGTACATGTGCATATTGTGCAGGTTAGTTACATATGTATACATGTGCCATGCTGGTGTGCTGCACCCATTAACTAGTCATCTAGCATTAGGTATATCTCCCAGTGCTATCCCTCTCCCCTCCCCCCACCCCACTACAGTCCCCAGAGTGTGATGTTCCCCTTCCTGTGTCCATGTGATCTCATTGTTCAATTCCCACCTATGAGTGAGAATATGTGGTGTTTGGTTTTTTGTTCTTGCGATAGTTTACTGAGAATGATGATTTCCAATTTCATCCATGTCCCTACAAAGGACATGAACTCATCATTTTTTATGGCTGCATAGTGTTCCATGGTGTATATGTGCCACATTTTCTTAATCCAATCATTGTTGGACATTTGGGTTGGTTCCAAGTCTTTGCTATTGTGAATAATGCCGCAATAAACATACGTGTGCATATGTCTTTATAGCAGCATGATTTATATTCCTTTGGGTATATACCCAGTAATGGGATGGCTGGGTCAAATGGTATTTCTAGTTCTAGGTCCCTGAGGAATCGCCACACTGACTTCCACAATGGTTGAACTAGTTTACAGTCCCACCAACAGTGTAAAAGTGTTCCTATTTCTCCACATCCTCTCCAGCACCTGTTGTTTCCTGACTTTTTAATGATTGCCATTCTAACTGGTGTGAGATGGTATCTCATTGTGGTTTTGATTTGCATTTCTCTGATGGCCAGTGATGGTGAGCATTTTTTCATGTGTTTTTGGCTGCATAAATGTCTTCTTTTGAGAAGTGTCTGTTCATGTCCTTCACCCACTTTTCGATGGGGTTGTTTGTTTTTATCTTGTAAATTTGTTTGAGTTCATTGTAGATTCTGGATATTAGCCCTTTGTCAGATGAGTAGGTTGCGAAAATTTTCTCCCATTTTGTAGGTTGCCTGTTCACTCTGATGGTAGTTTCTTTTGCTGTGCAGAAACTCTTTAGTTTAATTAGATCCCATTTGTCAATTTTGGCTTTTGTTGCCTTTGCTTTTGGTGTTTTAGACATGAAGTCCTTGCCCATGCCTATGTCCTGAATGGTAATGCCTAGGTTTTCTTCTAGGGTTTTTATGGTTTTAGGTCTAACGTTTAAGTCTTTAATCCATCTTGAATTGATTTTTGTATAAGGTGTAAGGAAGGGATCCAGTTTCAGCTTTCTACATATGGCTAGCCAGTTTTCCCAGCACCATTTATTAAATAGGGAATCCTTTCCCCATTGCTTGTTTTTTCTCAGGTTGGTCAAAGATCAGATAGTTGTAGATATGCGGCATTATTTCTGAGGGCTCTGTTCTGTTCCATTGATCTATATCTGTGTTTTGGTACCAGTACCATGCTGTTTTGGTTACTGTAGCCTTGTAGTATAGTTTGAAGTCAGGTAGTGTGATGCCTCCAGCTTTTTTCTTTTGGCTTAGGATTGCCTTGGCAATGCGGGCTCTTTTTTGGTTCCATATGAACTTTAAAGTAGTTTCTTCCAATTCTGTGAAGAAAGGCATTGGTACCTTGATGGGGATGGCACTGAATCTGTAAATTACCTTGGGCAGTATGGCCATTTTCACGATATTGATTCTTCCTACCCATGAGCATAGAATGTTCTTCCATTTGTTTGTATCCTCTTTTATTTCGTTGAGCAGTGGTTTGTAGTTCTCCTTGAAGAGGTCCTTCACATCCCTTGTAAGTTGGATTCCTAGGTATTTTATTCTCTTTGAAGCAATTGTGAATGGGAGTTCACTCATGATTTGGCTCTCTGTTTGTCTGTTATTGGTGTATAAGAATGCTTGTGACTTTTGTACATTGATTTTGTATCCTGAGACTTTGCTGAAGTTGCTTATCAGCTTAAGGAGATTTTGGGCTGAGACAGTGGGGTTTTCTAGATACACAATCATGTCATCTGCAAACAGGGACAATTTGACTTCCTCTTTTCCTAATTGAATACCCTTCATTTCCTTCTCCTGCCTAATTGCCCTGGCCAGAACTTCCAACACTATGTTGAATAGGAGTGGTGAGAGAGGGCATCCCTGTCTTGTGCCAGTTTTCAAAGGGAATGCTTCCAGTTTTTGCCCATTCAGTATGATATTGGCTGTGGGTTTGTCATAGATAGCTCTTATTATTTTGAGATACGTCCCATCAATACCTAACTTATTGAGAGTTTTTAGCATGAAGGGTTGTTGAATTTTGTCAAAGGCCTTTTCTGCATCTATTGAGATAATCATGTGGTTTTTGTCTTTGGCTCTGTTTATATGCTGGATTACATTTATTGATTTGTGTATATTGAACCAGCCTTGCATCCCAGGGATGAAGCCCACTTGATCATGGTGGATAAGCTTTTTGATGTGCTGCTGGATTCGGTCTGCCAGTATTTTATTGAGGATTTTTGCATCAATGTTCATCAAGGATATTGGTCTAAAATTATCTTTTTTGGTTGTGTCTCTGCCTGGCTTTGGTATCAGAATGATGCTGGCCTCATAAAATGAGTTAGGGAGGATTCCCTCTTTTTCTATTGATTGGAATAGTTTCAGAAGGAATGGTACCAGTTCCTCCTTGTACCTCTGGTAGAATTCGGCTGTGAATCCATCTGGTCCTGGACTCTTTTTGGTTGGTAAGCTATTGATTGTTGCCACAATTTCAGATCCTGTTATTGGTCTATTCAGAGATTCAACTTCTTCCTGGTTTAGTCTTGGGAGAGTGTATGTGTCGAGGAATTTATCCATTTCTTCTAGATTTTCTAGTTTATTTGCGTAGAGGTGTTTGTAGTACTCTCTGATGGTAGTTTGTATTTCTGTGGGATTGGTGGTGATGTCCCCTTTATCATTTTTTATTGCATCTATTTGATTCTTCTCTCTTTTTCTCTTTATTAGTCTTGCTAGCAGTCTATCTATTTTGTTGATCCTTTCAAAAAACCAGCTCCTGGATTCATTAATTTTTTGAAGGGTTTTTTGTGTCTCTATTTGCTTCGGTTCTACTCTGATTTTAGTTATTTCTTGCCTTCTGCTAGCTTTTGAATGTGTTTGCTCTTGCTTTTCTAGTTCTTTTAATTGTGATGTTAGGGTGTCAATTTTGGATCTTTCCTGCTTTCTCTTGTGGGCATTTAGTGCTATAAATTTCCCTGTACACACTGCTTTGAATGCGTCCCAGAGATTCTGGTATGTTGTGTCTTTGTTCTCGTTGGTTTCAAAGAACATCTTTATTTCTGGTTTCATTTCGTTATGTACCCAGTAGTCATTCAGGAGCAGGTTGTTCAGTTTCCATGTAGTTGAGCGATTTTGAGTGAGATTCTTAATCCTGAGATCTAGTTTGATTGACCTGTGGTCTGAGAGACAGTTTGTTATAATTTCTGTTCTTTTACATTTGCTGAGGAGAGCTTTACTTCCAAGTATGTGGTCAATTTTGGAATAGGTGTGGTGTGGTGCTGAAAAAAATGTGTATTCTGTTGATTTGGGGTGGAGAGTTCTGTAGATGTCTATTAGGTCCACTTGATGCAGAGCTGAGTTCAATTCCTGGGTATCCTTGTTGACTTTCTGTCTCGTTGATCTGTCTAATGTTGACAGTGGGGTGTTAAAGTCTCCCATTATTAATGTGTGGGAGTCTAAGTCTCTTTGTAGGTCACTCAGGACTTGCTTTATGAATCTGGGTGCTCCTGTATTGGGTGCATATATATTTAGGATAGTTAGCTCTTCTTGTTGAATTGATCCCTTTACCATTATGTAATGGCCTTCTTTGTCTCTTTTGATCTTTGTTGGCTTAAAGTCTGTTTTATCCGAGACTAGGATTGCAACCCCTGCCTTTTTTTGTTTTCCATTTGCTTGGTAGATCTTCCTCCATCCTTTTATTTTGAGCCTATGTGTGTCTCTGCACGTGAGATGGGTCTCCTGAATACAGCACACTGATGGGTCTTGACTCTTTCTTTATCCAATTTGCCAGTCTGTGTCTTTTAATTGGAGCATTTAGTCCATTTACATGTAAAGTTAATATTGTTATGTGTGTATTTGATCCTGTCATTATGATGTTAGCTGGTTATTTTGCTCGTTAGTTGATGCAGTTTCTTCCTAGTCTTGATGGTCTCTACATTTTGGCATGATTTTGCAGTGGCTGGTACCGGTTGTTCCTTTCCATGTTTAGTGCTTCCTTCAGGAGCTCTTTTAGGGCAGGCCTGGTAGTGACAAAATCTCTCAGCATTTGCTTGTCTGTAAAGTATTTTATTTCTCCTTCACTTATGAAGCTTAGTTTGGCTGGATATGAAATTCTGGGTTGAAAATTCTTTTCTTTAAGAATGTTGAATATTGGCCCCCACTCTCTTCTGGCTTGTAGGGTTTCTGCCGAGAGATCCACTGTTAGTCTGATGGGCTTCCCTTTGAGGGTAACCCGACCTTTCTCTCTGGCTGCCCTTAACATTTTTTCCTTCATTTCAACTTTGGTGAATCTGACAATTATGTGTCTTGGAGTTGCTCTTGTCAAGGAATATCTTTGTGGCATTCTCTGTATTTCCTGAATCTGAACTTTGGCCTGCCTTGCTAGATTGGGGAAGTTCTCCTGGATAATATCCTGCAGAGTGTTTTTCAACTTGGTTCCATTCTCCCCATCACTTTCAGGTACACCAATCAGACGTAGATTTGGTCTTTTCACATAGTCCCATATTTCTTGGAGGCTTTGCTCATTTCTTTTTATTCTTTTTTCTCTAAACTTCCCTTCTTGCTTCATTTCATTCATTTCATCTTCCATCACTGATACCCTTTCTTCCAGTTGATCGCATCGGCTCCTGAGGCTTCTGCATTCTTCACGTAGTTCTCGAGCCTTGGTTTTCAGCTCCATCAGCTCCTTTAAGCACTTCTGTGTATTAGTTATTCTAGTTATACATTCTTCTAAATTTTTTTCAAAGTTTTCAACATCTTTGCCTTTGGTTTGAATGTCCTCCTGTAGCTCAGAGTAATTTGATCGTCTGAAGCCTTCTTCTCTCAGCTTGTCATAGTCATTCTCTGTCCAGCTTTGTTCCGTTGCTGGTGAGGAACTGCATTCCTTTGGCAGAGGAGAGGCGCTCTGCTTTTTAGAGTTTCCAGTTTTTCCCCATCTTTGTGGTTTTATCTACTTTTGGTCTTTGATGATGGTGATGTACAGATGGGTTTTTGGTGTGGATGTCCTTTCTGTTTGTTAGTTTTCCTTCTAACAGACAGGACCCTCAGCTGCAGGTCTGTTGGAGTACCCTGCCCTGTGAGGTGTCAGTCTGCCCCTGCTGGGGGGTGCCTCCCAGTTAGGCTGCTCGGGGGTCCGGGGTCAGGGACCCACTTGAGGAGGCAGTCTGCCCTTCTCAGATGTCCAGCTGCGTACTGGGAGGACCACTGCTCTCTTCAAAGCTGTCAGACAGGGACATTTGAGTCTGCAGAGGTTACTGCTGTCTTTTTGTTTGTCTGTGCAGCCTACAGAGGCAGGCAGGCAGGCCTCCTTGAGCTGTGGTGGGCTCCACCCAGTTCGAGCTTCCAGGCTGCTTTGTTTACCTAAGCAAGCCTGGGCAATGGCGGGCCCCCCTCCCCCAGCCTGGCTGCCACCTTGCAGTTTGATCTCAGACTGCTCTGCTAGCAATCAGCGAGACTCCATGGGCGTAGGACCCTCCAAGCCAGGTGCGGGATATAATCTCGTGGTGCGCCATGTTTTAAGCCCGTCAGAAAAGCACAGTATTCGGGTGGGAGTGACCCGATTTTCCAGGTGCCGTCCGTCACCCCTTTCTTTGACTAGGAAAGGGAACTCCCTGACCCTTTGTGCTTCCCGAGTGAGGCAATGCCTCGCTCTGCTTCGGCTCACGCACAGTGTGCGCACCCACTGTCTGGCACTCCCTAGTGAGATGAACCCGGTACCTCAGATGGAAATGCCGAGATCACCCGTCTTCTGCGTCGCTCACGCTGGGAGCTGCAGACCGGAGCTGTTCCTATTCG	GGGGGAGGAGCCAAGATGGCCGAATAGGAACAGCTCCCGTCTACAGCTCCCAGCCTGAGCGACGCAGAAGACGGGTGATTTCGGCATTTCCATCTGAGGTACCGGGTTCATCTCACTAGGGAGTGCCAGACAGTGGGCGCAGGTCAGTGGGTGTGCACACCATGCGCGAGCCGAAGCAGGGCGAGGCATTGCATCACTCGGGAAGCACAGGGGTCAGGGAGTTCCCTTTCCTAGTCAAAGAAAGGGGTGACGGACGGCACCTGGAAAATCGGGTCACTCCCACCCGAATACTGCGCTTTTCTGACGAGCTTAAAACACGGCGCACCACGAGACTATATCCCGCACCTGGCTTGGAGGGTCCCACACCCACTGAGTCTTGCTGATTGCTAGCACAGCAGTCTGAGATCAAACTGCAAGGCGGCAGTGAGGCTGGGGGAGGGGGGCCCCCCATTGCCCAGGCTTGCTTAGATAAACAAAGCAGCCAGGAAGCTCGAACTGGGTGGAGCCCACCACAGCTCAAGGAGGCCTGCCTGCCTGCCTCTGTAGGCTCCACCTCTAGGGGCAGGGCACAGACAAACAAAAAGACAGCAGTAACCTCTGCAGACTCAAATGTCCCTGTCTGACAGCTTTGAAGAGAGCAGTGGTCCTCCCAGTACGCAGCTGGACATCTGAGAAGGGCAGACTGCCTCCTCAAGTGGGTCCCTGACCCCGGACCCCCGAGCAGCCTAACTGGGAGGCACCCCCCAGCAGGGGCAGACTGACACCTCACAGGGCAGGGTACTCCAACAGACCTGCAGCTGAGGGTCCTGTCTGTTAGAAGGAAAACTAACAAACAGAAAGGACATCCACACCAAAAACCCATCTGTACATCACCATCATCAAAGACCAAAAGTAGATAAAACCACAAAGATGGGGAAAAACTGGAAACTCTAAAAAGCAGAGCGCCTCTCCTCTGCCAAAGGAATGCAGTTCCTCACCAGCAACGGAACAAAGCTGGACAGAGAATGACTATGACAAGCTGAGAGAAGAAGGCTTCAGACGATCAAATTACTCTGAGCTACAGGAGGACATTCAAACCAAAGGCAAAGATGTTGAAAACTTTGAAAAAAATTTAGAAGAATGTATAACTAGAATAACTAATACACAGAAGTGCTTAAAGGAGCTGATGGAGCTGAAAACCAAGGCTCGAGAACTACGTGAAGAATGCAGAAGCCTCAGGAGCCGATGCGATCAACTGGAAGAAAGGGTATCAGTGATGGAAGATGAAATGAATGAAATGAAGCAAGAAGGGAAGTTTAGAGAAAAAAGAATAAAAAGAAATGAGCAAAGCCTCCAAGAAATATGGGACTATGTGAAAAGACCAAATCTACGTCTGATTGGTGTACCTGAAAGTGATGGGGAGAATGGAACCAAGTTGAAAAACACTCTGCAGGATATTATCCAGGAGAACTTCCCCAATCTAGCAAGGCAGGCCAAAGTTCAGATTCAGGAAATACAGAGAATGCCACAAAGATATTCCTTGACAAGAGCAACTCCAAGACACATAATTGTCAGATTCACCAAAGTTGAAATGAAGGAAAAAATGTTAAGGGCAGCCAGAGAGAAAGGTTGGGTTACCCACAAAGGAAAGCCTATCAGACTAAGAGTGGATCTCTCAGCAGAAACTCTACAAGCCAGAAGAGAGTGGGGGCCAATATTCAACATTCTTAAAGAAAAGAATTTTCAACCCAGAATTTCATATCCAGCCAAACTAAGCTTCATAAGTGAAGGAGAAATAAAATACTTTACAGACAAGCAAATGCTGAGAGATTTTGTCACCACCAGGCCGGCCCTAAAAGAGCTCCTAAAGGAAGCACTAAACATGGAAAGGAACAACCAGTACCAGTCACTGCAAAAACATGCCAAATTGTAAAGACTGTCGAGGCTAGGAAGAAACTGCATCAACTAACGAGCAAAATAACCAGCTAACATCATAATGACAGGATCAAATACACACATAACAATATTAACTTTACATGTAAATGGACTAAATGCTCCAATTAAAAGACACAGTCTGGCAAATTGGATAAAGAGTCAAGACCCATCAGTGTGCTGTATTCAGGAAACCCATCTCACGTGCAGAGACACACATAGGCTCAAAATAAAAGGATGGAGGAAGATCTACCAAGCAAATGGAAAACAAAAAAAGGCAGGGGTTGCAATCCTAGTCTCAGATAAAACAGACTTCAAACCAACAAAGATCAAAAGAGACAAAGAAGGCCATTACATAATGGTAAAGGGATCAATTCAACAAGAAGAGCTAACTATCCTAAATATATATGCACCCAATACAGGAGCACCCAGATTCATAAAGCAAGTCCTGAGTGACCTACAAAGAGACTTAGACTCCCACACATTAATAATGGGAGACTTTAACACCCCACTGTCAACATTAGACAGATCAACGAGACAGAAAGTCAACAAGGATACCCAGGAATTGAACTCAGCTCTGCACCAAGTGGACCTAATAGACATCTACAGAACTCTCCACCCCAAATCAACAGAATACACATTTTTTTCAGCACCACACCACACGTATTCCAAAATTGACCACATACTTGGAAGTAAAGCTCTCCTCAGCAAATGTAAAAGAACAGAAATTATAACAAACTATCTCTCAGACCACAGTGCAATCAAACTAGAACTCAGGATTAAGAATCTCACTCAAAACCGCTCAACTACATGGAAACTGAACAACCTGCTCCTGAATGACTACTGGGTACATAACGAAATGAAGCTAGAAATAAAGATGTTCTTTGAAACCAACGAGAACAAAGACACAACATACCAGAATCTCTGGGACGCATTCAAAGCAGTGTATAGAGGGAAATTTATAGCACTAAATGCCCACAAGAGAAAGCAGGAAAGATCCAAAATTGACACCCTAACATCACAATTAAAAGAACTAGAAAAGCAAGAGCAAACACATTCAAAAGCTAGCAGAAGGCAAGAAATAACTAAAATCAGAGCAGAACTGAAGGAAATAGAGACACAAAAAACCCTTCAAAAAATTAATGAATCCAGGAGCTGGTTTTTTGAAAGGATCAACAAAATAGATAGACTGCTAGCAAGACTAATAAAGAGAAAAAGAGAGAAGAATCAAATAGATGCAATAAAAAATGATAAAGGGGACATCACCACCAATCCCACAGAAATACAAACTACCATCAGAGAATACTACAAACACCTCTACGCAAATAAACTAGAAAATCTAGAAGAAATGGATAAATTCCTCGACACATACACTCTCCCAAGACTAAACCAGGAAGAAGTTGAATCTCTGAATAGACCAATAACAGGATCTGAAATTGTGGCAATAATCAATAGCTTACCAACCAAAAAGAGTCCAGGACCAGATGGATTCACAGCCGAATTCTACCAGAGGTACAAGAAGGAACTGGTACCATTCCTTCTGAAACTATTCCAATCAATAGAAAAAGAGGGAATCCTCCCTAACTCATTTTATGAGGCCAGCATCATTCTGATACCAAAGCCAGGCAGAGACACAACCAAAAAAGAGAATTTTAGACCAATATCCTTGATGAACATTGATGCAAAAACCCTCAATAAAATACTGGCAGACCGAATCCAGCAGCACATCAAAAAGCTTATCCACCATGATCAAGTGGGCTTCATCCCTGGGATGCAAGGCTGGTTCAATATACACATATCAATAAATGTAATCCAGCATATAAACAGAGCCAAAGACAAAAACCACATGATTATCTGCATAGATGCAGAAAGGGCCTTTGACAAAATTCAACAACCCTTCATGCTAAAAACTCTTAATAAATTAGGTATTGATGGGACGTATTTCAAAATAATAAGAGCTATCTATGACAAACCCACAGCCAATATCATACTGAATGGGCAAAAACTGGAAGCATTCCCTTGAAAACTGGCACAAGACAGGGATGCCCTCTCTCACCACTCCTATTCAACATAGTGTTGGAAGTTCTGGCCAGGGCAATTAGGCAGGAGAAGGAAATAAAGGGTATTCAAGTAGGAAAAGAGGAAGTCAAATTGTCCCTGTTTGCAGATGACATGATTGTATATCTAGAAAACCCCATTGTCTCAGCCCAAAATCTCCTTAAGCTGATAAGCAACTTCAGCAAAGTCTCAGGATACAAAATCAATGTACAAAAGTCACAAGCATTCTTATACACCAATAACAGACAAACAGAGAGCCAAATCATGAGTGAACTCCCATTCACAATTGCTTCAAAGAGAATAAAATACCTAGGAATCCAACTTACAAGGGATGTGAAGGACCTCTTCAAGGAGAACTACAAACCACTGCTCAACGAAATAAAAGAGGATACAAACAAATGGAAGAACATTCTATGCTCATGGGTAGGAAGAATTAATATCGTGAAAATGGCCATACTGCCCAAGGTAATTTACAGATTCAATGCCATCCCCATCAAGCTACCAATGCCTTTCTTCACAGAATTGGAAGAAACTACTTTAAAGTTCATATGGAACCAAAAAAGAGCCCGCATTGCCAAGGCAATCCTAAGCCAAAAGAAAAAAGCTGGAGGCATCACACTACCTGACTTCAAACTATACTACAAGGCTACAGTAACCAAAACAGCATGGTACTGGTACCAAAACACAGATATAGAACAATGGAACAGAACAGAGCCCTCAGAAATAATGCTGCATATCTACAACTATCTGATCTTTGACCAACCTGAGAAAAACAAGCAATGGGGAAAGGATTCCCTATTTAATAAATGGTGCTGGGAAAACTGGCTAGCCATATGTAGAAAGCTGAAACTGGATCCCTTCCTTACACCTTATACAAAAATCAATTCAAGATGGATTAAAGACTTAAACGTTAGACCTAAAACCATAAAAACCCTAGAAGAAAACCTAGGCATTACCATTCAGGACATAAGCATGGGTAAGGACTTCATGTCTAAAACACCAAAAGCAAAGGCAACAAAAGCCAAAATTGACAAATGGGATCTAATTAAACTAAAGAGTTTCTGCACAGCAAAAGAAACTACCATCAGAGTGAACAGGCAACCTACAAAATGGGAGAAAATTTTCGCAACCTACTCATCTGACAAAGGGCTAATATCCAGAATCTACAATGAACTCAAACAAATTTACAAGATAAAAACAAACAACCCCATCGAAAAGTGGGTGAAGGACATGAACAGACACTTCTCAAAAGAAGACATTTATGCAGCCAAAAACACATGAAAAAATGCTCACCATCACTGGCCATCAGAGAAATGCAAATCAAAACCACAATGAGATACCATCTCACACCAGTTAGAATGGCAATCATTAAAAAGTCAGGAAACAACAGGTGCTGGAGAGGATGTGGAGAAATAGGAACACTTTTACACTGTTGGTGGGACTGTAAACTAGTTCAACCATTGTGGAAGTCAGTGTGGCGATTCCTCAGGGATCTAGAACTAGAAATACCATTTGACCCAGCCATCCCATTACTGGGTATATACCCAAAGGACTATAAATCATGCTGCTATAAAGACACATGCACACATATGTTTATTGTGGCATTATTCACAATAGCAAAGACTTGGAACCAACCCAAATGTCCAACAATGATAGACTGGATTAAGAAAATGTGGCACATATACACCATGGAACACTATGCAGCCATTAAAAATGATGAGTTCATGTCCTTTGTAGGGACATGGATGAAATTGGAAATCATCATTCTCAGTAAACTATCGCAAGAACAAAAAACCAAACGCCGCATATTCTCACTCATAGGTGGGAATTGAACAATGAGATCACATGGACACAGGAAGGGGAACATCACACTCTGGGGACTGTAGTGGGGTGGGGGGAGGGGGGAGGGATAGCACTGGGAGATATACCTAATGCTAGATGACCAGTTAGTGGGTGCAGCGCACCAGAATGGCACATGTATACATATGTAACTAACCTGCACAATATGCACATGTACCCTGAAACTTAAAGTATAATAATAAAGAAAAGA	97.519	17	GGAGCTGTTCCTATTCG	HR	simple
chr3	131969014	131978024	INV	HG00514:HG00514	shared	chr3;131962955;131969377;L1PA8;LINE;+;L1	chr3;131977695;131978055;L1PB1;LINE;-;L1	OPP;L1	CTGGCAAGATGGTCAAATAGGAACAGTTCCGGTCTGCAGCTCCCAGTGAGACCAATGCAGAAGGCAGGTGATATCCGCATTTCCAACAGAGGTACCCGGTTCATCTGATTGGGACTGGTTAGACAGTGGGTGCAGCCCATGTAGGGCAAGCAGAAGCAGGGTAGGGCGTTGCCTCACCCGGGAAGTGCAAGGAGCTGGGGGAGCCCCCCTCCCTCAGCCAAAGGGAAGCCATGAGGGACTGTCCTATCTGTCCCAGATACTATGCTTCCCCCATGGTTTTTACAACCCACAGACCAGGGGATTCCCTCACTTGCCTACACCACCAGGGCCCTGGGTTTCAAGCACAAAACTAGGCAGCTGTTTGGGCAGACACTGAGCTAGCTGCAGTTTTTTTTTTTCATACCCCAGTGGCACCTGCAACCCCAGCGAGACAGAACCGTTCACTCCCTTGGAAAGGGAGCTGAAGCCAGGGAGCCAAGTGGTCTCACTCAGTGGGTCCCAGTCCCACAGATCCCAGAAAACTGAGAACCACTGGCTTGAAATTCTCACTGCCAGCAAAGCAGTCTGAAGTCGACCTGGGATGCTTGAGCTTGGTAGGGGGAGGGGCATCCACCATTACTGAGGCTTGAGTAGGTGGTTTTCCACTCACAGTGTTAAGCAAGCTGCCGGGAAGTTCGGCAAAACTCACCGCAGGGCAGCGAAGCGGCTGTGGCCAGGCTGCCTCTCTAGATTCCTCTTCACTGGGCAGGGCATCTCTGAAAGAAAGGCAGCAGCTCCAGTCACGGGCTTATAGATAAAACTCCCATCTCCCTGGGACAGAGCAGCTGGGGGAAGGAGCAGCTGTTGGCACTACGGCAGACTTAAATATTCCTGCCTGCTGGCTCTGAAGAGAGCAGAGAATCTCACAGCAAAGCTCTGCTAAGGGACAGACTGCCTCCTTAAGTGGGTCCCTGACACCCGTGCCTCCTTACTAGGAGATATCTCCTAGCAGGGGTTGACAGGCACCTCATACAGAAGAGCTCTGGCTGGCATCTGGTGGGTGCCCCTCTAGGACAAAGCTTCCAGGGAAGGAGCAGGCAGCAATCTTTGCTGCTCTGCAGCCTCCACTGGTGATACCCAGGCAAACAGGGTCTGGAGTGGGCCTCCAGCAAACTTCAGCAGACCTGCAGCAGAGGGGCCTGTTAGAAGAAAAACTAACAAACAGAAAGCAATAATATCAACATCAACAAAAAGGACACCCACTCAAAAACCCCATCCAAAGGCCATCAGCATCAAAGATCAAAGGTAGATAAATCCACAAAGATGAGGAAAAACTGGTCCAAAAATGCTGAAAATTCCAAAAACCAGAATGCCTTATCTCCTCCAAATGATCGCAACTCCTCTCCAGCAAGGGCACAAAACTGGATGGAGAATAAGTTTGACAAATTGACAGAAGTAGGCTTCAGAAGGCAGGTAATAACAAACTCCTCTGAGCTAAAGGAGCATATTCTAACCCAATCCAAGGAAGCTAAGAACCTTGATAAAAGGTTACAGGAACTGCTAACTAGAATAACCAGTTTAGAGAAGAACATAAATGACCTGATGGAGCTGAAAAACACAGCATGAGAACTTTGTGAAGCATACACGAGCATCAATAGCTGAATCAATCAAGCAGAAGAAAGGATATCAGAGATTGAAGATCAACTCAATGGCATAAAGGGTAAAGACAAGATTAGGGAAAAAAGAATGAAAAGGAACAAGAAAAGCCTCCAAGAAATATGGGACTATGTGAAAAAACCAAACCTACAATTGATTGGTGTATCTGAAAGTGATGAGGAGAATGGAACCAAGTCGGAAAATATACTTCAGGATATTGTCTAGGAGAACATCCCCAACCTAGCAAGACAGGCCAACATTCAAATTCAGGAAATACAAAGAACCTCACTAAGATACTCCTTGAGAAGAGCAACCCCAAGGCACATAATCATCAGATTCTCCAAGGTTGAAATGAAGGAAAAAATGTTAAGGGCAGCCAGAGAGAAAGGTAAGGTTACCTATAAAGGGAAGCCCATCAGACTAACAGTGGATCTCTCTGCAGAAACCCTACAAGCTGGAAGAGAGTGGGGGCCAATATTCAACATTCTTAAAGAAAAGAATTTTCAACCCAGAATTTCATATCTAGCCAAACTAAGCTTCATACACAAAGGAGAAATAAAATCCTTTACAGACAAGGAAATGCTGAAGGATTTTGTCACCACCAGGCCTGCCTTACAAGAGCTCCTGAAGGAAGCACTAAATATGGAAAAGAAAAAACAGTACCAGCCACTGCAAAAGCATTCCAAAATATAAAGACCAACAACACTATGAAGAAACTGCATCAACTAATGTGCAAAATAACCAGCTAGTATCATGATGACAAGATCAAATTCACACATAACAATATTAACCTTAAATGTAAATGGGCTAAATGCCCCAATTAAAAGACACAGAGTGGAAAATTGGATAAAGAATCAAGACCCACTGGTGTGCTGTATTCAGGAGACCCATCTCACATGCAAAGACACACATAGGCTCAAAATAAAAGGATGGAGGAATATTTACTAAGCAAATGGAAAACAAAAAACATCAGGATTTGCAATGCTAGTCTCTGATAAAACAGACTTTAAACCAACAAAGATCAAAAAAGACAAAGAAGGGCATTACATAATGGTAAAGGGATCAATGCAACAAGAAGAGCTAACTATCCTAAATATATATGCACCCAATACAGGGGCACCCAGATTCATAAAGCAAGTTCTTAGAGATCTATAAAGAGACTTAGACTCCCACAAAATAGTAGTGGGAGACTTTAACACCCCACTGTCACTATTAGACAGATAAATGAGACAGAAAATTAACAAGGATATTCGGGATTTGAACTCAGCTCTGGACCAAGCAGACCTAATAGACATCTACAGAACTCTCCACTCCAAATCAACAGAATATACATTCTCAGCACCACATCACACTTATTCTAAAATTGACCACATAATTCGAAGTAAAACACTCCTCAGCAAATGCAAAATAATGGAAATCATAACAAACAGTCTCTCAGACCACAGTGCAAACAAATTAGAACTCAGGATTAAGAAACTCACTCAAAACCACACAACTACATGGAAACTGAACAACCTACTCCTGAATGACTACTGAGTAAATAACAAAATTAAGGCAGAAATAAATAAGTTATTTGAAACCAGTGAGAACAAAGATACAATGTACCAGAATCTCTGGGGCACAGCTAAAGCAGTGTTTAGAGGAAAATTTATAGCACTAAATGCCCACATCAGAAAGTAGGAGAGATCTAAAGTCAACACCCTAACATCATAATTAAAAGAACTAGAGAAGCAAGAGCAAACAAATTCAAAAGCTAGCAGAAGACAAGAAATAACCAAGACAGAGCAGAACTGAAGGAGATAGAGACACAAAAATCCCTTCAAAAAATCAATGAATCCAGGAGCTGGTTTTTTGAAAAGATTAACAAAATAGGTAGACCACTAGCCAGACTAATAAAGAAGAAAAGAGAAAAGAATCAAATAGACACAATAAAAAATGATAAAGGGGATATCACCACTGATCCCACAGAAATACAAACTATCATCAGAGAATACTATAAACAACTCTACACAGATAAACTAGAAAATCTAGAAGAAACAGATAAATTCCTGGACACATACACCATCCCAAGACTAAACCAGGAAGAAGTCGAATCCCAGAATAGACCAATAATGAGTTCTGAAATTGAGGCAGTAATTAATAGACTACCAAACAAACAAACAAAAAAAGCCCAAGACCAGACAGATTCACAGCTGGACTCTACCAGAGGTTCAAAGCAGAGCTGGTACCTTTCCTTCTGAAGCTATTCCAAACAATAGAGAAAGGACACCTCCCTAACTCATTTTATGAGGCCAGCATCATCCTGATACCAAAATCTGGCAGAGACACAACAAAGAAAATTTCAGGCCAATATCCCTGATGAACAACAATGCAAAAATCCTCAATAAAATGCTAGCAAGCTGAATCCAGCAGCACATCAAAAAGCTTATCCACCACGATCAAGTCAGCTTCATCCCTGGGATGCAAGGCTGGTTCAACATACACAAATCAATAAACATAATCCATCACATAAATAGAACCAATGACAAAAACCACATGATTATCTCAATAGATGCAGAAAAGGCCTTCAATAAAATTCAACACACTTTCATGCTAAAAACACTCAATAAACTAGGTATTGATGGAACATATCTAAAAATAATAAGAGCTATTTATGACAAGCCCACAGCCAATATCATACTGAATGGGCAAAAACTGGAAGCATTCCCTTGAAAACTGGCACAAGACAAGGATGCCCTCTCTCACCACTCCTTTTCAACATAGTGTTGGAAGTTCTGGCCAGGGCAATCAGGCAAGAGAAAGAAATAAAGGGTATTTAAATAGGAAGAAAGGAAGTCAAATTGTTGCTGTTTGCAGATGACATGATTGTGTATTTAGAAAACCCCATCATCTCAGCTCCAAAACTCCTAAAGGTGATAAGCAACTTCAGCAAAGTCTCAGGATACAAAATCAGTGAGCAAAAATCACAAGCATTCCTATACACCAATAATAGACAAACACAGAGACAAATCATGAGTGAACTCCCATTCACAATTGCTACAAATAAAATAAAATACCTAGGAATACAATTTACAAGAGGCTCCTTGAAGGAACCACTGCTCAAGGAAATAAGAGAAGACACAAACAAATAGAAAAAATATTCCATGCTCATAGACCGGAAAAATCAATATCGTGAAAATGGCCATATTGCCCAAAGTAATTTATAGATTCAATGCTGTTTCCATCAAGCTACCTTGACTTTCTTCACATAAGTAGAAAAAAACTACTTTAAAATTTCATGTGGAACCAAAAAAGAGCTTGTATAGCCAAGACAATCCAAAGCAAAAAGAACAAAGCTGGAGGCATCATGCTACCTCACTTCAAACTACACTACAAGCATACAGTAACCAAAACAGCATGGTAATGGTACCAAAACACATATATAGACCAACGGAACAGAACAGCGGCCTCAGAAATAACACCACACATCTACAACCATCTGATCTTTGACAAACCTGACAAAAACAAGCAATGGGCAAATGATTCCCTATTTAATAAATGGTATTGGGAAAACTGGCTAGTGATATTCAGAAAACTGAAACTGGACCCCTTCCTTACACCTTATACAAAAATTAACTCATAATGGATTAATGACTTAAATATAAAACCTAAAACCATAAAAACCCTAGAAGATATCCTAGGCACTACCATTCAAGACATAGGCATGGGCAAAGACTTCATGACTAAAACACCAAAAGCAATTACAACAAAGGCCAAAATTGACAAATGGGATCTAACTAAACTAAAGAGCTTCTGCACAGCAAAAGAAACTGTCATCACAGTGAACATGCAACCTACAGAATGGGAGAAAATGTTTGCAATCTCTCCATCTGACAAAGGTCTAATATCCAGAATCTATGAGGAACTTAAACAAATTTACAAGAAAGAAACAATCCCATCGAAAGTGGGCAAAGGATATGAACAGACACTTCTTTAAAAGAAGACATTTATGCGACCAACAAACATTTGAAAAAAAGCTCATCATCACTGGTCATTAGAGCAATGCAAATCAAAACCACAATGACATACCATCTCATGCCAGTTAGAATGGCAATCATTAAAAAGTCAGGAAACAACAGCTGCTGGAGAGGATGTGGAGAAATAGGAACACTTTTTTACACTGTTGGTGGGAGTGTAAATTAGTTCAACCATTGTGGAAGACAGTGTGGCAATTCCTCCAGGATCTAGAACCAGAAATAGCATTTCACCCAGCAATCCAATTACTGGGTATATACCCAAAGGATTATAAATCATTCCACTATAAAGAACATGCACACATATGTTTATTGCAGCACTATTCACAATAGCAAATACTTGGAGCCAACCCAAATGCCCATCGATGATAGACTGGATAAAGAAAATGTGGCACATATACACCATGGAATACTATGATGCCATAAAAAAGTATGAGTTCATATCCTTTGCAGGGACATGGATGAAGCTTGAAACCACAATTCTCAGCAAACTAACACAGGAACAGGAAACCAAACACTGCATGTTCTCACTCATAAGTGGGAGTTGAACAATGAGAACACATGGACACAGGAAGGGGAACATCACACACCAGGGCCTGTCAGGGAGTTGGGGGCAAGGGGAGGGAGAGCATTAGGGCAAATACCTAATGCATGCGGGTCTTAAAACCTAGCTGACGGGTTGATGGGTGCAGCAAACCACCATGGCACATGTATACCTATGTAACAAACCTGCATGTTCTGCACATGTATCCCAGAACTTAAAATATTAAAAAA	TTTTCATAAGTTACAGGGGTACAGGTGATATTTGGCTACATGAGTAAGTTCTTTAGTGATTTGTGAGATTTTGGTGCACCCATCACCCAAGCAGTATACACTGCACCATATTTGTAGTCTTTTATCCCTCATCCCCCTCCCACTCTTCCTCCTAGGTCCCCAAAGTCCACTGTGTCATTCTTATGCCTTTGCATCCTCATAGCTTTGCTCCCACATATCAGTGAGAACATACGATGTTTGGTTTTCCATTCCTGAGTTATTTCACTTAGAATAATAGCCTTTAATCTCATCCAGGTCACTGCAAATGCTATTAATTCATTCCTTTTTTATGGCTGCATAGTATTCCATCATAGATATATA	64.16	12	GCCATAAAAAAG	HR	simple
chr3	187418110	187424430	INV	HG00733:HG00733	pacbio	chr3;187412123;187418152;L1PA2;LINE;+;L1	chr3;187424407;187428816;L1PA3;LINE;-;L1	OPP;L1	GGGGAGGAGCCAAGATGGCCGAATAGGAACAGCTCCGGTCTGCAGCTCCCAGCCTGAGCGACGCAGAAGACGGGTGATTTCTGCATTTCCATCTGAGGTACCGGGTTCATCTCACTGGGGAGTGCCAGAGAGTGGGCGCAGGTCAGTGGGTGCGCGCACCGTGCGCGAGCCGAAGCAGGGCGAGGCATTGCCTCACACGGGAAGCACAAGGGGTCAGGGAGTTCCCTTTCCTAATCAAAGAAAGGGGTGACGGACGGCACCTGGAAAATCGGGTCACTCCCACCCGAATATTGCGCTTTTCAGACCGGCTTAAGAAACGGCGCACCACGAGACTATATCCCACACCTGGCTCGGAGGGTCCTACGCCCACGGAGTCTCGCTGATTGCTAGCACAGCAGTCTGAGATCAAACTGCAAGGCGGCAGCGAGGCTGGGGGAGGGGCGCCCGCCATTGCTGAGGCTTGCTTAGGTAAACAAAGCAGCGGGAAGCTCGAACTGGGTGGAGCCCACCACAGCTCAAGGAGGCCTGCCTGCCTCTGTAGGCTCCACCTCTGGGGGCAGGGCACAGACAAACAAAAAGACAGCAGTAACCTCTGCAGACTTAAATGTCCCTGTCTGACAGCTTTGAAGAGAGCAGTGGTTCTCCCAGTTCGCAGCTGGAGATCTGAGAACGGACAGACTGCCTCCTCAAGTGGGTCCCTGACCCCTGACCACTGAGCAGCCTAACTGGGAGGCACCCTCCAGCAGGGGCACACTGACACCTCACACTGCAGGGCACTCCAACAGACCTGCAGCTGAGGGTCCTGTCTGTTAGAAGGAAAACTAACAAACAGAAAGGACATCCACACCAAAAACCCATCTGTACATCACCATCATCAAAGACCAAAAGTAGATAAAACCACAAAGATGGGGAAAAAACAGAACAGAAAAACTGGAAACTCTAAAAAGCAGAGTGCCTCTCCTCCTCCAAAGGAACGCAGCTCCTCACCAGCAACGGAACAAAGCTGGACGGAGAATGACTTTGACGAGCTGAGAGAAGAAGGCTTCAGACGATCAAATTACTCTGAGCTACGGGAAGACATTCAAACCAAAGGCAAAGAAGTTGAAAACTTTGAAAAAAATTTAGAAGAATGTATAACTAGAATAATCAAAACAGAGAAGTGCTTAAAGGAGCTGATGGAGCTGAAAACCAAGGCTCGAGAACTACGTGAAGAATGCAGAAGCCTCAGGAGCCGATGCGATCAACTGGAAGAAAGGGTATCAGCGATGGAAGATGAAATGAATGAAATGAAGTGAGAAGGAAAGTTTAGAGAAAAAAGAATAAAAAGAAACGAGCAAAGCCTCCAAGAAATATGGGACTATGTGAAAAGACCAAATCTATGTCTGATTGGTGTACCTGAAAGTGATGGGGAGAATGGAACCAAGTTGGAAAACACTCTGCAGGATATTATCCAGGAGAATTTCCCCAATCTAGCAAGGAAGGCCAACATTCAGATTCAGGAAATACAGAGAATGCCACAGAGATACTCCTCGAGAAGAGCAACTCCAAGACACATAATTGTCAGATTCACCAAAGTTGAAATGAAGGAAAAAATGTTAAGGGCAGCCAGAGAGAAAGGTCGGGTTACCCTCAAAGGGAAGCCCATCAGACTAACAGCGGATCTCTCGGCAGAAACCCTACAAGCCAGAAGAGAGTGGGGGCCAATATTCAACATTCTTAAAGAAAAGAATTTTCAACCCAGAATTTCATATCCTGCCAAACTAAGCTTCATGAGTTAAGGAGAAATAAAATCCTTTACAGACAAGCAAATGCTGAGAGATTTTGTCACCACCAGGCCTGCCCTAAAAGAGCTCCTGAAGGAAGAGCTAAACATGGAAAGGAACAACCGGTACCAGCCACTGCAAAATCATGCCAAAATGTAAAGACCATCGAGACTAGGAAGAAACTGCATCAACTAACGAGCAAAATAACCAGCTAACATCATAATGACAGGATCAAATTCACACATAACAATATTAACTTTCAATGTAAATGGACTAAATGCTCCAATTAAAAGACACAGACTGGCAAATTGGATAAAGAGTCAAGACCCATCAGTGTGCTGTATTCAGGAAACCCATCTCACGTGCAGAGACACACATAGGCTCAAAATAAAAGGATGGAGGAAGATCTACCAAGCAAATGGAAAACAAAAAAAGGCAGGGGTTGCAATCCTAGTCTCTGATAAAACAGACTTTAAACCAACAAAGATCAAAAGAGACAAAGAAGGCCATTACATAATGGTAAAGGGATCAATTCAACAAGAAGAGCTAACTATCCTAAATATATATGCACCCAATACAGGAGCACCCAGATTCATAAAGCAAGTCCTGAGTGACCTACAAAGAGACTTAGACTCCCACACATTAATAATGGGAGACTTTAACACCCCACTGTCAACATTAGACAGATCAACGAGACAGAAAGTCAACAAGGATACCCAGGAATTGAACTCAGCTCTGCACCAAGAGGACCTAATAGACATCTACAGAACTCTCCACCCCAAATCAACAGAATATACATTTTTTTCAGCACCACACCACACCTATTCCAAAATTGACCACATACTTGGAAGTAAAGCTCTCCTCAGCAAATGTAAAAGAACAGAAATTATAACAAACTATCTCTCAGACCTCAGTGCAATCAAACTAGAACTCAGGATTAAGAATCTCACTCAAAGCCGCTCAACTACATGGAAACTGAACAACCTGCTCCTGAATGACTACTGGGTACATAACGAAATGAAGGCAGAAATAAAGATGTTCTTTGAAACCAACGAGAACAAAGACACAACATACCAGAATCTCTGGGACGCATTCAAAGCAGTGTGTAGAGGGAAATTTATAGCACTAAATGCCCACAAGAGAAAGCAGGAAAGATCCAAAATTGACACCCTAACATCACAATTAAAAGAACTAGAAAAGCAAGAGCAAACACATTCAAAAGCTAGCAGAAGGCAAGAAATAACTAAAATCAGAGCAGAACTGAAGGAAATAGAGACACAAAAAACCCTTCAAAAAATCAATGAATCCAGGAGCTGGTTTTTTGAAAGGATCAACAAAATTGATAGACCGCTAGCAAGACTAATAAAGAAAAAAAGAGAGGAGAATCAAATAGACACAATAAAAAATGATAAAGGGGATATCACCACCAATCCCACAGAAATACAAACTACCATCAGAGAATACTACAAACACCTCTACGCAAATAAACTAGAAAATCTAGAAGAAATGGATACATTCCTGGACACATACACTCTCCCAAGACTAAACCAGGAAGAAGTTGAATCTCTGAATAGACCAATAACAGGAGCTGAAATTGTGGCAATAATCAATAGCTTACCAACCAAAAAGAGTCCAGGACCAGATGGATTCACAGCCGAATTCTACCAGAGGTACAAGGAGGAACTGGTACCATTCCTTCTGAAACTATTCCAATCAATAGAAAAAGAGGGAATCCTCCCTAACTCATTTTATGAGGCCAGCATCATTCTGATACCAAAGCCGGGTAGAGACACAACCAAAAAAGAGAATTTTAGACCAATATCCTTGATGAACATTGATGCAAAAATCCTCAATAAAATACTGGCAAACCGAATCCAGCAGCACATCAAAAAGCTTATCCACCATGATCAAGTGGGCTTCATCCCTGGGATGCAAGGCTGGTTCAATATACGCAAATCAATAAATGTAATCCAGCATATAAACAGAGCCAAAGACAAAAACCACATGATTATCTCAATAGATGCAGAAAAAGCCTTTGACAAAATTCAACAACCCTTCATGCTAAAAACTCTCAATAAATTAGGTATTGATGGGACGTATTTCAAAATAATAAGAGCTATCTATGACAAACCCACAGCCAATATCATACTGAATGGGCAAAAACTGGAAGCATTCCCTTTGAAAACTGGCACAAGACAGGGATGCCCTCTCTCACCGCTCCTATTCAACATAGTGTTGGAAGTTCTGGCCAGGGCAATTAGGCAGGAGAAGGAAATAAAGGGTATTCAATTAGGAAAAGAGGAAGTCAAATTGTCCCTGTTTGCAGACGACATGATTGTTTATCTAGAAAACCCCATCGTCTCAGCCCAAAATCTCCTTAAGCTGATAAGCAACTTCAGCAAAGTCTCAGGATACAAAATCAATGTACAAAAATCACAAGCATTCTTATACACCAACAACAGACAAACAGAGAGCCAAATCATGAGTGAACTCCCATTCACAATTGCTTCAAAGAGAATAAAATACCTAGGAATCCAACTTACAAGGGATGTGAAGGACCTCTTCAAGGAGAACTACAAACCACTGCTCAAGGAAATAAAAGAGGATACAAACAAATGGAAGAACATTCCATGCTCATGGGTAGGAAGAATCAATATCATGAAAATGGCCATACTGCCCAAGGTAATTTACAGATTCAATGCCATCCCCATCAAGCTACCAATGACTTTCTTCACAGAATTGGAAAAAACTACTTTAAAGTTCATATGGAAGCAAAAAAGAGCCCGCATCGCCAAGTCAATCCTAAGCCAAAAGAACAAAGCTGGAGGCATCACACTACCTGACCTCAAACTATACTACAAGGCTACAGTAACCAAAACAGCATGGTACTGGTATCAAAACAGAGATATAGATCAATGGAACAGAACAGAGCCCTCAGAAATAATGCCGCATACCTACAACTATCTGATCTTTGACAAACCTGAGAAAAACAAGCAATGGGGAAAGGATTCCCTATTTAATAAATGGTGCTGGGAAAACTGGCTAGCCATATGTAGAAAGCTGAAACTGGATCCCTTCCTTACACCTTATACAAAAATCAATTCAAGATGGATTAAAGATTTAAGCGTTAGACCTAAAACCATAAAAACCCTAGAAGAAAACCTAGGCATTACCATTCAGGACATAGGCGTGGGCAAGGACTTCATGTCCAAAACACCAAAAGCAATGGCAACAGAAGACAAAATTGACAAATGGGATCTAATTAAACTAAAGAGCTTCTGCACAGCAAAAGAAACTACCATCAGAGTGAACAGGCAACCTACAAAATGGGAGAAAATTTTCGCAAGCTACTCATCTGACAAAGGGCTAATATCCAGAATCTACAATGAACTCAAACAAATTTACAAGAAAAAAACAAACAACCCCATCAAAAAGTGGGCGAAGGACATGAACAGACACTTCTCAAAAGAAGACATTTATGCAGCCAAAAAATACATGAAAAAATGCTCGTCATCACTGGCCATCAGAGAAATGCAAATCAAAACAACTATGAGATACCATCTCACACCAGTTAGAATGGCAATCATTAAAAAGTCAGGAAACAACAGGTGCTGGAGAGGATGTGGAGAAATAGGAACACTTTTACACTGTTGGTGGGACTGTAAACTAGTTCAACCACTGTGGAAGTCAGTGTGGCGATTCCTCAGGGATCTAGAACTAGAAATACCATTTGACCCAGCCATCCCATTACTGGGTATATACCCAAATGACTATAAATCATGCTGCTATAAAGACACATGCACACGTATGTTTATTGCGGCATTATTCACAATAGCAAAGACTTGGAACCAACCCAAATGTCCAACAATGATAGACTGGATTAAGAAAATGTGGCACATATACACCATGGAATACTATGCAGCCATAAAAAATGATGAGTTCATGTCCTTTGTAGGGACATGGATGAAACTGGAAACCATCATTCTCAGTAAACTATCTCAAGAACAAAAAACCAAACACCGCATATTCTCACTCATAGGTGGGAATTGAACAATGAGATCACATGGTCACAGGAAGGGGAATATCACACTCTGGGGACTGTGGTGGGGTGGGGGGAGGGGGAGGGGTAGCATTGGGAGATATACCTAATGCTAGATGACGAGTTAGTGGGTGCAGCGCACCAGCATGGCACATGTATACATATGTAACTAACCTGCACAATGTGCACATGCACCCTAAAACTTAAAGTATAAAAAAAAAAAAAAA	TTTATTTATTTATTATTATACTTTAAGTTTTAGGGTACATGTGCACATTGTGCAGGTTAGTTACATACATATACATGTGCCATGCTGGTGTGCTGCACCCACTAACTTGTCATCTAGCATTACGTATATCTCCCACTGCTATCCCTCCCCCCCTGCCACCCCACAACAGTCCCCAGAGTGTGATGTTCCCCTTCCTGTGTCCATGTGATCTCATTGTTCAATTCCCACCTATGAGTGAGAATATGCGGTGTTTGGTTTTTTGTTCTTCCGATAGTTTACTGAGAATGATGATTTCCAATTTCATCCATGTCCCTACAAAGGACATGAACTCATCATTTTTTATGGCTGCATAGTATTCCATGGTGTATATGTGCCACATTTTCTTAATCCAGTCTATCATTGTTGGACATTTGGGTTGGTTCCAAGTCTTTGCTATTGTGAATAATGCCGCAATAAACATACGTGTGCATGTGTCTTTATAGCAGCATGATTTATAGTCCTTTGGGTATACACCCAGTAATGGGATGGCTGGGTCAAATGGTATTTCTAGTTCTAGATCCCTGAGGAATCGCCACACTGACTTCCACAGTGGTTGAACTAGTTTACAGTCCCACCAACAGTGTAAAAGTGTTCCTATTTCTCCACATCCTCTCCAGCACCTGTTGTTTCCTGACTTTTTAATGATTGCCATTCTAACTGGTGTGAGATGGTATCTCATTGTGGTTTTGATTTGCATTTCTCTGATGGCCAGTGATGGTGAGCATTTTTTCCTGTGTTCTTTGGCTGCATAAATGTCTTCTTTTGAGAAGTGTCTGTTCATGTCCTTCGCCCACTTTTTGATGGGGTTGTTTGTTTTTTTCTTGTAAATTTGTTTGAGTTCATTGTAGATTCTGGATATTAGCCCTTTGTCAGATGAGTAGCTTGCGAAAATTTTCTCCCATTTTGTAGGTTGCCTGTTCACTCTGATGGTAGTTTCTTTTGCTGTGCAGAAGCCCTTTAGTTTAATTAGATCCCATTTGTCAATTTTGGCTTTTGTTGCCATTGCTTTTGGTGTTTTAGACATGAAGTCCTTGCCCATGCCTATGTCCTGAATGGTAATGCCTAGGTTTTCTTCTAGGGTTTTTATGGTTTTAGGTCTAACGTTTAAGTCTTTAATCCATCTTGAATTGATTTTTGTATAAGGTGTAAGGAAGGGATCCAGTTTCAGCTTTCTACATATGGCTAGCCAGTTTTCCCAGCACCATTTATTAAATAGGGAATCCTTTCCCCATTGCTTGTTTTTCTCAGGTTTGTCAAAGATCAGATAGTTGTAGGTATGCGGCATTATTTCTGAGGGCTCTGTTCTGTTCCATTGATCTATATCTCTGTTTTGGTACCAGTACCATGCTGTTTTGGTTACTGTAGCCTTGTAGTATAGTTTGAAGTCAGGTAGTGTGATGCCTCCAGCTTTGTTCTTTTGGCTTAGGATTGACTTGGCGATGCGGGCTCTTTTTTGCTTCCATATGAACTTTAAAGTAGTTTTTTCCAATTCTGTGAAGAAAGTCATTGGTAGCTTGATGGGGATGGCATTGAATCTGTAAATTACCTTGGGCAGTATGGCCATTTTCACGATATTGATTCTTCCTACCCATGAGCATGGAATGTTCTTCCATTTGTTTGTATCCTCTTTTATTTCCTTGAGCAGTGGTTTGTAGTTCTCCTTGAAGAGGTCCTTCACATCCCTTGTAAGTTGGATTCCTAGGTATTTTATACTCTTTGAAGCAATTGTGAATGGGAGTTCACTCATGATTTGGCTCTCTGTTTGTCTGTTGTTGGCGTATAGGAATGCTTGTGATTTTTGCACATTGATTTTGTATCCTGAGACTTTGCTGAAGTTGCTTATCAGCTTAAGGAGATTTTGGGCTGAGACAATGGGGTTTTCTAGATATACAGTCATGTCATCTGCAAACAGGGACAATTTGACTTCCTCTTTTCCTAATTGAATACCCTTTATTTCCTTCTCCTGCCTAATTGCCCTGGCCAGAACTTCCAACACTATGTTGAATAGGAGCGGTGAGAGAGGGCATCCCTGTCTTGTGCCAGTTTTCAAAGGGAATGCTTCCAGTTTTTGCCCATTCAGTATGATATTGGCTGTGGGTTTGTCATAGATAGCTCTTATTATTTTGAAATACGTCCCATCAATACCTAATTTATTGAGAGTTTTTAGCATGAAGGGTTGTTGAATTTTGTCAAAGGCCTTTTCTGCATCTATTGAGATAAACATGTGGTTTTTGTCTTTGGCTCTGTTTATATGCTGGATTACATTTATTGATTTGCATATATTGAACCAGCCTTGCATCCCAGGGATGAAGCCCACTTGATCATGGTGGATAAGCTTTTTGATGTGCTGCTGGATTCGGTTTGCCAGTATTTTATTGAGGATTTTTGCATCAATGTTCATCAAGGATATTGGTCTAAAATTCTCTTTTTTGGTTGTGTCTCTACCCGGCTTTGGTATCAGAATGATGCTGGCCTCATAAAATGAGTTAGGGAGGATTCCCTCTTTTTCTATTGATTGGAATAGTTTCAGAAGGAATGGTACCAGTTCCTCCTTGTACCTCTGGTAGAATTTGGCTGTGAATCCATCTGGTCCTGGACTCTTTTTGGTTGGTAAGCTATTGATTATTGCCACAATTTCAGCTCCTGTTGTTGGTCTATTCAGAGATTCAACTTCTTCCTGGTTTAGTCTTGGGAGAGTGTATGTGTCCAGGAATGTATCCATTTCTTCTAGATTTTCTAGTTTATTTGCGTAGAGGTGTTTGTAGTATTCTCTGATGGTAGTTTGTATTTCTGTGGGATTGGTGGTGATATCCCCTTTATCATTTTTTATTGTGTCTATTTGATTCTCCTCTCTTTTTTTCTTTATTAGTCTTGCTAGCGGTCTATCAATTTTGTTGATCCTTTCAAAAAACCAGCTCCTGGATTCATTGATTTTTTGAAGGGTTTTTTGTGTCTCTATTTCCTTCAGTTCTGCTCTGATTTTAGTTATTTCTTGCCTTCTGCTAGCTTTTGAATGTGTTTGCTCTTGCTTTTCTAGTTCTTTTAATTGTGATGTTAGGGTGTCAATTTTGGATCTTTCCTGCTTTCTCTTGTTGGCATTTAGTGCTATAAATTTCCCTCTACACACTGCTTTGAATGCGTCCCAGAGATTCTGGTATGTTGTGTCTTTGTTCTCGTTGGTTTCAAAGAACATCTTTATTTCTGCCTTCATTTCGTTATGTACCCAGTAGTCATTCAGGAGCAGGTTGTTCAGTTTCCATGTAGTTGAGTGGCTTTGAGTGAGATTCTTAATCCTGAGTTCTAGTTTGATTGCACTGAGGTCTGAGAGATAGTTTGTTATAATTTCTGTTCTTTTACATTTGCTGAGGAGAGCTTTACTTCCAAGTATGTGGTCAATTTTGGAATAGGTGTGGTGTGGTGCTGAAAAAAATGTATATTCTGTTGATTTGGGGTGGAGAGTTCTGTAGATGTCTATTAGGTCCTCTTGGTGCAGAGCTGAGTTCAATTCCTGGGTATCCTTGTTGACTTTCTGTCTCGTTGATCTGTCTAATGTTGACAGTGGGGTGTTAAAGTCTCCCATTATTAATGTGTGGGAGTCTAAGTCTCTTTGTAGGTCACTCAGGACTTGCTTTATGAATCTGGGTGCTCCTGTATTGGGTGCATATATATTTAGGATAGTTAGCTCTTCTTGTTGAATTGATCCCTTTACCATTATGTAATGGCCTTCTTTGTCTCTTTTGATCTTTGTTGGTTTAAAGTCTGTTTTATCAGAGACTAGGATTGCAACCCCTGCCTTTTTTTGTTTTCCATTTGCTTGGTAGATCTTCCTCCATCCTTTTATTTTGAGCCTATGTGTGTCTCTGCACGTGAGATGGGTTTCCTGAATACAGCACACTGATGGGTCTTGACTCTTTATCCAATTTGCCAGTCTGTGTCTTTTAATTGGAGCATTTAGTCCATTTACATTGAAAGTTAATATTGTTATGTGTGAATTTGATCCTGTCATTATGATGTTAGCTGGTTATTTTGCTCGTTAGTTGATGCAGTTTCTTCCTAGTCTCGATGGTCTTTACATTTTGGCATGATTTTGCAGTGGCTGGTACCGGTTGTTCCTTTCCATGTTTAGCTCTTCCTTCAGGAGCTCTTTTAGGGCAGGCCTGGTGGTGACAAAATCTCTCAGCATTTGCTTGTCTGTAAAGGATTTTATTTCTCCTTAACTCATGAAGCTTAGTTTGGCAGGATATGAAATTCTGGGTTGAAAATTCTTTTCTTTAAGAATGTTGAATATTGGCCCCCACTCTCTTCTGGCTTGTAGGGTTTCTGCCGAGAGATCCGCTGTTAGTCTGATGGGCTTCCCTTTGAGGGTAACC	98.73	21	ACCCTAAAACTTAAAGTATAA	HR	simple
chr4	187950147	187954800	INV	HG00514:HG00514	pacbio	chr4;187948263;187950518;L1PA5;LINE;-;L1	chr4;187954776;187956694;L1PA5;LINE;+;L1	OPP;L1	TTTTTTATTATTATTATACTTTAAGTTCTAGGGTACATGTGCACAACGTGCAGCTTTGTTACATATGTATACATGTGCCATGTTGGTTTGCTACACCCATTAACTCATCATTTACATTAGGTATATCTCCTAATGCTCTCCCTCTCCTCTCCCCTCTCCCCATAACAGGCCCCAGTGTGTGATGTTCCCCACCCTGTGTCCAAGTGTTCTCATTGTTCAATTCCCACCTATGAGTGAGAACATGCGGTGTTTGGTTTTCTGTCCTTGCAATAGTTTGCTCAGAATGATGGTTTCCAGTTTCATCCATGTCCCTACAAAGGACATGACCTCATCCTTTTTCATGGCTGCATAGTATTCCATGGTGTATATGTGTCACATTTTCTTAATCCAGTCTATCATTGTTGGACATTTGGGTTGGTTCCAAGTCTTTGCTATTGTGAATAGTGCCGCAATAAACATACGTGTGCATGTGTCTTTATAGCAGCATGATTTATAATCCTTTGGGTATATACCCAGTAATGGGATGGCTGGGTCAAATGCTATTTCTAGTTCTAGATCCTTGAGGATTCGCCACACTGTCTTCCACAATGGTTGTACTAGTTTACAGTCCCACCAACAGTGTAAAAGTGTTCCTATTTCTCCACATCCTCTCCAGCACCTGTGGTTTCCTGACTTTTTAATGATCACCATTCTAACTGGTGTGAGATGGTATCTCATTGTGGTTTTGATTTGCATTTCTCTGATGGCCAGTGATGGTGAGCATTTTTTCATATGTCTGTTGGCTGCATAAATGTCTTCTTTTGCGAAGTGTCTGTTCATATCCTTTGCCTACTTGTTGATGGGGTTGATTTTTTCTTGTAAATTTGTTTAAGTTCTTTTTAGATTCTGGATATTAGTCCTTTGTCTGATGGGTAGATTGTAAAAATTTTCTCCCATTCTGTAGGCTGCCTGCTCACTCTGATGGTAGTTTCTTTTGCTGTGCAGAAGCTCTTTAGTTTAATTAGATCCCATTTGTCGATTTTGGCTTTTGGTGTTTTAGACATGAAGTCCTTGCCATGCCTATGTCCTGAGTGGTATTGCCTAGGTTTTCTTCTAGGGTTTTTATGGTTTTAGGTCTAACATTTAAGTCTTTACTCCATCTTGAAATAATTTTTGTATAAGCTGTAAGGAAGGGATCCAGTTTCAGCTTTCTACATATGGCTAGCCAGTTTTCCCAGCACCATTTATTAAATAAGGAATCCTTTCCCCATTTCTTGTTTTTGTCAGGTTTGTCAAAGATCAGATGGTTGTAGATGTGTGGTGTTATTTCTGAGGCCTCTGTTCTGTTCCATTGGTCTATCTCTCTGTTTTGGTACCAGTACCAGGCTGTTTTGGTTACTGTAGCCTTGTAGCATAGTTTGAAGTCAGGTAGCGTGATGCCTCCAGCTTTGTTCTTTTGGCTTAGGATTGTCTTGGCAATGTGGGCTCTTTTTTGGTTCCGTATGAACTTTAAAGTAGTTTTTTTCAATTCTGTGAAGAAAGTCATTGGTAGCTTGATGGGGATGGCATTGAATCTATAAATTACCTTGGGCACTATGGCCATTTTCACGATATTGAGTCTTCCTATCCAAGAGCATGGAATGTTCTTCTATTTGTTTGTGTCCTCTTTTATTTCGTTGAGCAGTGGTTTGTAGTTCTCCTTGAAGAAGTCCTTCACATCCCTTGTAAGTTGGATTCCTAGGTATTTTATTCTCTTTATAGCGATTGTGAATGGGAGTTTACTCATGATTTGGCTCCCTGTCTGTTATTGGTGTATAGGAATGCTTGTGATTTTTGCACATTGATTTTGTATCCTGAGACTTTGCTGAAGTTGCTTATCAGCTTAAGGAGATTTTGGGCTGAGACGATGGGGTTTTCTAAATATACAATCATGTCAGCTGCAAACAGGGACAATTTGACTTCCTCTTTTTCTAATTGAATACCCTTTATTTCTTTCTCCTGCCTGATTGCCCTGGCCAGAACTTCCAACACTATGTTGAATAGGAGTGGTGAGAGAGGGCATCCCTATGTTGTGCCAGTTTTCAAAGGGAATGCTTCCAGTTTTTGCCCATTCAGTATGATATTAGCTGTGGGTTTGTCATAAATAGTTCTTATTATTTTGAGATACATCCCATCAATACCTAATTTATTGAGAGTTTTTAGCATGAAGGGCTGTTGAATTTTGTCAAAGGCCTTTTCTGCATCTATTGAGATAATCATGTGGTTTTTGTCTTTGG	TGCAGAGGTGATTGTGTATTTAGAAACCCCATCGTCTCAACCCAAAATCTCCTTAAGCTGATAAGCAACTTCAGCAAAGTCTCAGGATACAAAATCAATGTGCAAAAATCACAAGCATTCCTATACACCAATAACAGACAGGGAGCCAAATCATGAGTAAACTCCCATTCACAATCGCTATAAAGAGAATAAAATACCTAGGAATCCAACTTACAAGGGATGTGAAGGACTTCTTCAAGGAGCACTACAAACCACTGCTCAACGAAATAAAAGAGGACACAAACAAATAGAAGAACATTCCATGCTCTTGGATAGGAAGACTCAATATCGTGAAAATGGCCATAGTGCCCAAGGTAATTTATAGATTCAATGCCATCCCCATCAAGCTACCAATGACTTTCTTCACAGAATTGAAAAAAACTACTTTAAAGTTCATACGGAACCAAAAAAGAGCCCACATTGCCAAGACAATCCTAAGCCAAAAGAACAAAGCTGGAGGCATCACGCTACCTGACTTCAAACTATGCTACAAGGCTACAGTAACCAAAACAGCCTGGTACTGGTACCAAAACAGAGAGATAGACCAATGGAACAGAACAGAGGCCTCAGAAATAACACCACACATCTACAACCATCTGATCTTTGACAAACCTGACAAAAACAAGAAATGGGGAAAGGATTCCTTATTTAATAAATGGTGCTGGGAAAACTGGCTAGCCATATGTAGAAAGCTGAAACTGGATCCCTTCCTTACAGCTTATACAAAAATTATTTCAAGATGGAGTAAAGACTTAAATGTTAGACCTAAAACCATAAAAACCCTAGAAGAAAACCTAGGCAATACCACTCAGGACATAGGCATGGCAAGGACTTCATGTCTAAAACACCAAAAGCCAAAATCGACAAATGGGATCTAATTAAACTAAAGAGCTTCTGCACAGCAAAAGAAACTACCATCAGAGTGAGCAGGCAGCCTACAGAATGGGAGAAAATTTTTACAATCTACCCATCAGACAAAGGACTAATATCCAGAATCTAAAAAGAACTTAAACAAATTTACAAGAAAAAATCAACCCCATCAACAAGTAGGCAAAGGATATGAACAGACACTTCGCAAAAGAAGACATTTATGCAGCCAACAGACATATGAAAAAATGCTCACCATCACTGGCCATCAGAGAAATGCAAATCAAAACCACAATGAGATACCATCTCACACCAGTTAGAATGGTGATCATTAAAAAGTCAGGAAACCACAGGTGCTGGAGAGGATGTGGAGAAATAGGAACACTTTTACACTGTTGGTGGGACTGTAAACTAGTACAACCATTGTGGAAGACAGTGTGGCGAATCCTCAAGGATCTAGAACTAGAAATAGCATTTGACCCAGCCATCCCATTACTGGGTATATACCCAAAGGATTATAAATCATGCTGCTATAAAGACACATGCACACGTATGTTTATTGCGGCACTATTCACAATAGCAAAGACTTGGAACCAACCCAAATGTCCAACAATGATAGACTGGATTAAGAAAATGTGACACATATACACCATGGAATACTATGCAGCCATGAAAAAGGATGAGGTCATGTCCTTTGTAGGGACATGGATGAAACTGGAAACCATCATTCTGAGCAAACTATTGCAAGGACAGAAAACCAAACACCGCATGTTCTCACTCATAGGTGGGAATTGAACAATGAGAACACTTGGACACAGGGTGGGGAACATCACATACCAGGGCCTGTCATGTGGTGGGGGGTGGGGGGAAGGATAGCATTAGGAGATATACCTAATGTAAATGACGAGTTAATGGGTGCAGCACACCAATATGGCACATGTATACATATGTAACAAAGCTGCACGTTGTGCACATGTACCCTAGAACTTAAAGTATAATAATTAAGAAAAGA	98.543	10	TTTCTAAATA	HR	simple
chr9	30952132	30956492	INV	HG00733:HG00733	pacbio	chr9;30951223;30952354;L1PA3;LINE;-;L1	chr9;30956177;30957619;L1PA3;LINE;+;L1	OPP;L1	TTTTATTATTATTATACTTTAAGTTTTAGGGTACATGTGCACAATGTGCAGGTTAGTTACATATGAATACATGTGCCATGCTGGTGTGCTGCACCCATTAACTCGTCATTTAGCATTAGGTATATCTCCTAATGCTATCCCTCCCGGCTCCCCCCACCCCACAACAGTCCCCAGAGTATGATGTTCCCCTTCCTGTGTCCATGTGTTCTCACTGTTCAATTCCCACCTATGAGTGAGAACATGCGGTGTTTGGTTTTTTATCCTTGCAATAGTGTACTGAGAATGATGATTTCCAATTTCATCCATGTCCCTACAAAGGACATGAACTCATCATTTTTTATGGCTGCATACTATTCCATGGTGTATATGTGCCACATTTTCTTAATCCAGTCTATCATTGTTGGACATTTGGGTTGGTTCCAAGTCTTTGCTATTGTGAATAGTGCCGCAATAAACATACGTGTGCATGTGTCTTTATAGCAGCATGATTTATAGTCCTTTGGGTATATACCCAGTAATGGGATGGCTGGGTCAAATGGTATTTCTAGTTCTAGATCCCTGAGGAATCGCCACACTGACTTCCACAATGGTTGAACTAGTTTACAGTCCCACCAACAGTATAAAAGTGTTCCTATTTCTCCTCTCCAGCACCTGTTGTTTCCTGACATTTTAATGATCGCCATTCTAACTGGTGTGAGATGGTATCTCATTGTGGTTTCGATTTGCATTTCTCTGATGGCCAGTGATGGTGAGCATTTTTTCATGTGTTTTTTGGCTGCATAAATGTCTTCTTTTGAGAAGTGTCTGTTGATGTCCTTCGCCCACGTTTTGATGGGGTTGTTTGTTTTTTTCTTGTAAATTTGTTGGAGTTCATTGTAGATTCTGGATATTAGCCCTTTGTCAGATGAGTAGGTTGCGAAAATTTTCTCCCATTCTGTAGGTTGCCTGTTCACTCTGATGGTAGTTTCTTTTTCTGTGCAGAAGCTCTTTAGTTTAATTAGATCCCATTTGTCAATTTTGGCTTTTGTTGCCATTGCTTTTGGTGTTTTAGACATGAAGTCCTTGCCCATGCCTAAGTCCTGAATGGTAATGCCTAGGTTTTCTTCTAGGGTTTTTATGGTTTTAGGTCTA	CTTGAGGCATCATGCTACCTGACTTCAAACTATACTACAAGGCTACAGTAACCAAAACAGCATGGTACTGGTACCAAAACAGAGATATAGACCAATGGAACAGAACAGAGCCCTCAGAAATAACACCGCATATCTACAACTATCGAATCTTTGACAAACCTGATAAAAACAAGCAATGGGGAAAGGATTCCCTATTTAATAAATGGCGCTAGGAAAACTGGCTAGCCATATGTAGAAAGCTGAAAGTGGATCCCTTCCTTACACCTTATACAAAAGTTAATTCAAGATGGATTAAAGACTTAAACGTTAGACCTAAAACCATAAAAACCCTAGAAGAAAACCTAGGCATTACCATTCAGGACTTAGGCATGGGCAAGGACTTCATGTCTAAAACACCAAAAGCAATGGCAACAAAAGCCAAAATTGACAAATGGGATCTAATTAAACTAAAGAGCTTCTGCACAGAAAAAGAAACTACCATCAGAGTGAACAGGCAACCTACAGAATGGGAGAAAATTTTCACAACCTACTCATCTGACAAAGGGCTAATATCCAGAATCTACAATGAACTCCAACAAATTTACAAGAAAAAAACAAACAACCCCATCAAAACGTGGGCGAAGGACATCAACAGACACTTCTCAAAAGAAGACATTTATGCAGCCAAAAAACACATGAAAAAATGCTCACCATCACTGGCTATCAGAGAAATGCAAATCAAAACCACAATCAGATACCATCTCACACCAGTTAGAATGGTGATCATTAAAGTCAGGAAACAACAGGTGCTGGAGAGGATGTGGAGAAATAGGAACACTTTTACACCGTTGGTGGGACTGTAAACTAGTTCAACCATTGTGGAAGTCAGTGTGGCGATTCCTCAGGGATCTAGAACTAGAAATACCATTTGACCCAGCCATCCCATTACTGGGTATATACCCAAAGGACTATAAATCATGCTGCTATAAAGACACATGCACACGTATGTTTATTGCGGCACTATTCACAATAGCAAAGACTTGGAACCAACCCAAATGTCCAACAATGATAGACTGGATTAAGAAAATGTGGCACATATACACCATGGAATCCTATGCAGCCATAAAAAATGATGAGTTCATGTCCTTTGTAGGGACATGGATGAAACTGGAAATCAACATTCTCAGTAAACTATCGCAAGGACAAAAAACCAAACACTGCATATTCTCAGTCATAGGTGGGAATTGAACAATGAGAACACATGGACACAGGAAGGGGAACATCACACTCTGGGGACAGTTGTGGTGTGGGGGGATGGGGGAGGGATAGCTTTAGGAGATATACCTAATGCTAAATGACGAGTTAATGGGTGCAGCACACCAGCATGGCACATGTATACATATGTAACTAACCTGCACATTGTGCACATGTACCCTAAAACTTAAAGTATAATAATAATAAAA	96.922	214	GAAAATTTTCTCCCATTCTGTAGGTTGCCTGTTCACTCTGATGGTAGTTTCTTTTTCTGTGCAGAAGCTCTTTAGTTTAATTAGATCCCATTTGTCAATTTTGGCTTTTGTTGCCATTGCTTTTGGTGTTTTAGACATGAAGTCCTTGCCCATGCCTAAGTCCTGAATGGTAATGCCTAGGTTTTCTTCTAGGGTTTTTATGGTTTTAGGTCTA	HR	simple